handle,official_full,quartile,party_code,pct_small_donors,tweet_count,avg_sentiment,sentiment_std,pct_negative,pct_positive,pct_extreme,avg_anger,avg_fear,avg_joy,avg_disgust,avg_sadness
Lancegooden,Lance Gooden,Q1 (lowest),R,0.51,1528,-0.44255992251384946,0.5435101194280638,0.6819371727748691,0.10471204188481675,0.424738219895288,0.1982767194176488,0.12901923471724008,0.05038503400623871,0.1028546619772182,0.07298826520218898
RepBrianBabin,Brian Babin,Q1 (lowest),R,1.22,1267,-0.42562539994293247,0.6617295805099598,0.7000789265982637,0.17600631412786108,0.6156274664561957,0.22314932290675965,0.17582631876261057,0.11305575221463637,0.145821267768513,0.07768844006847345
TXRandy14,"Randy K. Weber, Sr.",Q1 (lowest),R,1.49,824,-0.20195749326093684,0.7356878789915743,0.5521844660194175,0.2779126213592233,0.5558252427184466,0.19684099068434835,0.15391637266180372,0.14899259336086895,0.10214648307545161,0.08728356289949142
WarrenDavidson,Warren Davidson,Q1 (lowest),R,1.51,3024,-0.1409677850801951,0.5855142953192574,0.3974867724867725,0.19146825396825398,0.291005291005291,0.1661059546792578,0.1941418582461121,0.10808356564870641,0.04979652134629057,0.0855110560955908
RepRWilliams,Roger Williams,Q1 (lowest),R,0.7,1289,-0.09680845841037108,0.7417060758545498,0.46470131885182314,0.32117920868890615,0.5376260667183863,0.1477300483021105,0.3448120373784119,0.18646370482939356,0.04068260034656886,0.07373562877054146
RepArrington,Jodey C. Arrington,Q1 (lowest),R,0.5,892,-0.08472875702808791,0.7020994538060452,0.42937219730941706,0.29596412556053814,0.460762331838565,0.1434834978587334,0.1681618127766203,0.1775246991876031,0.0682827884856095,0.0771186198472022
RepAaronBean,Aaron Bean,Q1 (lowest),R,0.45,624,-0.06237040178324932,0.7148714942238854,0.4326923076923077,0.3173076923076923,0.49198717948717946,0.20187467071744505,0.3297011174841034,0.16687787949250862,0.026446045220883417,0.07516802859661248
RepLloydDoggett,Lloyd Doggett,Q1 (lowest),D,1.56,1894,-0.03821829416117421,0.6954254998001204,0.397571277719113,0.31890179514255546,0.4408658922914467,0.1591914935959043,0.2168498602729415,0.1952696607442229,0.06914997818085063,0.09493311261546149
RepCohen,Steve Cohen,Q1 (lowest),D,0.45,1839,-0.028881799662612326,0.6767533182938331,0.37520391517128876,0.3072321914083741,0.4154431756389342,0.14613700090081905,0.21939833876285006,0.1586913498234017,0.04482261143305285,0.11407487822751383
RepTimmons,William R. Timmons IV,Q1 (lowest),R,0.59,416,-0.011013605990088899,0.7356540304693151,0.40865384615384615,0.35096153846153844,0.5048076923076923,0.171791880897497,0.13269648757970848,0.22801695324904775,0.0838018354047912,0.08442499102294762
RepRickCrawford,"Eric A. ""Rick"" Crawford",Q1 (lowest),R,0.91,158,0.008762612750258629,0.7401192357139481,0.43037974683544306,0.3860759493670886,0.47468354430379744,0.1575981785272118,0.3164762902645323,0.21244730601213202,0.0275403645116713,0.10223215539229416
USRepGaryPalmer,Gary J. Palmer,Q1 (lowest),R,0.24,678,0.014916156816974854,0.7490081765064874,0.3967551622418879,0.3687315634218289,0.5339233038348082,0.144187354605307,0.16335176780122254,0.25549479771171424,0.06669657517995584,0.07616431168936447
BradSherman,Brad Sherman,Q1 (lowest),D,1.04,1479,0.047681274226261526,0.6637802841112289,0.29749830966869506,0.3204868154158215,0.41379310344827586,0.11779783921962253,0.48717495506662645,0.19105271284148975,0.012759330318717597,0.07041902090708924
RepAuchincloss,Jake Auchincloss,Q1 (lowest),D,0.71,552,0.060700750815263695,0.6352875625673611,0.29528985507246375,0.32971014492753625,0.3333333333333333,0.140375040889025,0.19605332452830632,0.20429208341496025,0.05413191221808682,0.06721332864907559
DesJarlaisTN04,Scott DesJarlais,Q1 (lowest),R,1.05,181,0.06944516976235321,0.6729355393196831,0.2983425414364641,0.3425414364640884,0.4088397790055249,0.15055630167493417,0.2677455399666516,0.2358976305518376,0.03463359248481277,0.11433373689226987
RepCarlos,Carlos A. Gimenez,Q1 (lowest),R,0.92,2189,0.08783691613681788,0.682925173591382,0.2786660575605299,0.35449977158519874,0.46642302421196896,0.14199029047444928,0.3926689241352917,0.19867926820337078,0.021447722170481263,0.04276644237370976
Robert_Aderholt,Robert B. Aderholt,Q1 (lowest),R,1.59,349,0.08919173769418011,0.6929668814418076,0.3237822349570201,0.3753581661891118,0.45558739255014324,0.11518219488764306,0.1349282971821641,0.2561046726657091,0.05689213144060728,0.10893731069484892
MarioDB,Mario Diaz-Balart,Q1 (lowest),R,0.2,1218,0.11119595507682838,0.6672965441509214,0.2536945812807882,0.35960591133004927,0.44745484400656815,0.1478405687609138,0.29504927560284766,0.2438902468249717,0.05121528029440682,0.06336456553762765
RepHuizenga,Bill Huizenga,Q1 (lowest),R,1.09,345,0.11563885548840398,0.7218853536814227,0.33043478260869563,0.41739130434782606,0.48695652173913045,0.173037447944027,0.26134467463192956,0.23691984875476915,0.0442471387846297,0.08039296743817677
FrankPallone,"Frank Pallone, Jr.",Q1 (lowest),D,0.6,3150,0.11783430548887404,0.7082437448381159,0.31682539682539684,0.44126984126984126,0.4638095238095238,0.14321996056254846,0.22640725056899502,0.2722620370785247,0.05162099404522446,0.0638627391298752
AustinScottGA08,Austin Scott,Q1 (lowest),R,1.26,278,0.1349243072511481,0.7418376379727712,0.3273381294964029,0.46402877697841727,0.5575539568345323,0.15379060064894715,0.15280710650545545,0.2604591703570444,0.04940751410086707,0.1151160292811909
RepMeuser,Daniel Meuser,Q1 (lowest),R,0.52,1309,0.1590775919607161,0.6028060055470499,0.18716577540106952,0.3391902215431627,0.3682200152788388,0.11051786179563405,0.20763012900693456,0.2833791698284772,0.038742339107712784,0.06225606116517446
CongBoyle,Brendan F. Boyle,Q1 (lowest),D,0.54,408,0.15984007650438478,0.7048835450294894,0.28921568627450983,0.4362745098039216,0.4950980392156863,0.12970250220492813,0.2240965749894231,0.23835542485497116,0.031615189760843446,0.0794592388754644
JudgeCarter,John R. Carter,Q1 (lowest),R,1.39,605,0.16038506592600799,0.7340204050324529,0.30247933884297523,0.46611570247933887,0.5388429752066116,0.11825438992828434,0.1481269690831103,0.29500015910290567,0.056890743033463004,0.07696544123016878
RepMikeQuigley,Mike Quigley,Q1 (lowest),D,1.29,2655,0.1721417482289891,0.7050208857919672,0.28775894538606406,0.46817325800376647,0.4806026365348399,0.1153411991307893,0.2145326694165814,0.22763857863906578,0.053520126162222216,0.06181753568639343
RepRonEstes,Ron Estes,Q1 (lowest),R,0.75,733,0.19817860719289168,0.7106501360592798,0.286493860845839,0.4693042291950887,0.5061391541609823,0.10300825699645448,0.14554386557387006,0.32988444118303756,0.03425726520020582,0.0808942273446888
RepMichaelGuest,Michael Guest,Q1 (lowest),R,0.78,442,0.1994520619983587,0.6692297564011473,0.2239819004524887,0.4276018099547511,0.46153846153846156,0.09262076496174006,0.10607522112271024,0.26474029053178005,0.054297203205351204,0.06997520600000974
RepLaurelLee,Laurel M. Lee,Q1 (lowest),R,1.52,784,0.21114809662863918,0.6498764682932797,0.21045918367346939,0.42346938775510207,0.4375,0.07887764410414237,0.28198872573720646,0.2559641776717807,0.02200744024087591,0.05506095341694826
RepMann,Tracey Mann,Q1 (lowest),R,0.73,275,0.21487884413112293,0.7128091015984485,0.29454545454545455,0.5163636363636364,0.48727272727272725,0.15238671072970394,0.16012247658588663,0.30259902969986957,0.04349095200151412,0.05014005838512354
RepDaleStrong,Dale W. Strong,Q1 (lowest),R,1.17,482,0.2236648752852594,0.6956859683794371,0.23858921161825727,0.4605809128630705,0.5311203319502075,0.10572502824743042,0.20622663932013868,0.31708419327665194,0.05457862838251363,0.05318699728531364
RepMaxineWaters,Maxine Waters,Q1 (lowest),D,1.15,154,0.22621254777753508,0.7742887028297072,0.3246753246753247,0.538961038961039,0.6103896103896104,0.14536580336832,0.13300264190750904,0.31741274287489496,0.030380412999048402,0.1474768217447419
RepJohnJoyce,John Joyce,Q1 (lowest),R,0.26,693,0.22763875931028335,0.7174326010159797,0.27705627705627706,0.5021645021645021,0.5353535353535354,0.08097245334580397,0.15443455091548924,0.2926429173175694,0.04223615313126885,0.08539971434608673
RepLarryBucshon,Larry Bucshon,Q1 (lowest),R,0.11,553,0.23937818289449805,0.6916732621237897,0.25316455696202533,0.5063291139240507,0.5009041591320073,0.09068620547277101,0.16661967588055987,0.28772980483053257,0.052220244803787945,0.08405889560229343
RepDLamborn,Doug Lamborn,Q1 (lowest),R,1.29,820,0.247489152412589,0.6682691267935835,0.22073170731707317,0.4682926829268293,0.474390243902439,0.09473875881777505,0.20858439638228976,0.30585615746680467,0.03472053343107175,0.06092920976182691
RepRutherfordFL,John H. Rutherford,Q1 (lowest),R,0.34,685,0.25236177801215737,0.6907895243580147,0.24233576642335766,0.5007299270072992,0.5226277372262774,0.14212182618874752,0.2322293622220397,0.3223304001332335,0.021936784092703086,0.09005557011292877
NormaJTorres,Norma J. Torres,Q1 (lowest),D,0.31,1442,0.2621876754063012,0.7187929597040431,0.260748959778086,0.5305131761442441,0.5631067961165048,0.1241035355544754,0.3494430895045749,0.28234597663221933,0.02460518455505596,0.07150538972738464
RepGarretGraves,Garret Graves,Q1 (lowest),R,0.4,633,0.2650405039531171,0.610603210818282,0.18167456556082148,0.4676145339652449,0.3744075829383886,0.08204008161997356,0.09475539462826811,0.244887383236869,0.03250231697770473,0.051380536482208854
RepJoshG,Josh Gottheimer,Q1 (lowest),D,0.91,2993,0.26567457765191443,0.684500163439194,0.23220848646842632,0.509188105579686,0.5015035081857668,0.11731754776052729,0.22836790419825703,0.29090902135516883,0.033144370934470084,0.07380540979063605
RepMikeTurner,Michael R. Turner,Q1 (lowest),R,0.66,830,0.26761331547455613,0.5971145836746997,0.16265060240963855,0.43855421686746987,0.38433734939759034,0.09198864056155114,0.3068078999690212,0.3535856065403457,0.00981348347778256,0.05462718714976746
RepDrewFerguson,A. Drew Ferguson IV,Q1 (lowest),R,0.32,278,0.27489485050276885,0.7477816022219722,0.2841726618705036,0.539568345323741,0.6294964028776978,0.13256749902368625,0.20577879879425157,0.3820190418057483,0.03406907781446013,0.11327268146422333
RepWilson,Frederica S. Wilson,Q1 (lowest),D,0.68,1957,0.28071029344930537,0.7360346738436253,0.26469085334695963,0.5539090444557997,0.5927439959121104,0.13203913763874076,0.2054862882885969,0.31997704664368976,0.04123063605674104,0.07828915128088183
rep_jackson,Jonathan L. Jackson,Q1 (lowest),D,0.84,444,0.28919623912991704,0.643574095648641,0.18243243243243243,0.5045045045045045,0.47072072072072074,0.09668268238024903,0.2245843174690611,0.2866728424545202,0.02941078666068225,0.09767307007086441
RepEspaillat,Adriano Espaillat,Q1 (lowest),D,1.5,3398,0.29404801867897895,0.5277354903447344,0.0788699234844026,0.4049440847557387,0.34549735138316656,0.12118935793402998,0.2343799050601799,0.255353141792369,0.04035769531561403,0.06068139144198487
RepScottPeters,Scott H. Peters,Q1 (lowest),D,1.32,1001,0.29465827065986117,0.6446061690548742,0.1888111888111888,0.5104895104895105,0.46653346653346656,0.09757074154657563,0.17829880103315146,0.2961567192536464,0.029667179068611126,0.1001829160722791
RepDustyJohnson,Dusty Johnson,Q1 (lowest),R,1.12,764,0.2998992778867951,0.63679828496147,0.18324607329842932,0.49214659685863876,0.4607329842931937,0.08739681777340741,0.14147506226668605,0.31619508547425124,0.028965081704339438,0.05451370536118707
RepEdCase,Ed Case,Q1 (lowest),D,1.67,959,0.3040928043215317,0.4514386296047258,0.027111574556830033,0.38373305526590196,0.28154327424400416,0.0269905906396396,0.06540102195303324,0.2937525488536128,0.009565876518868126,0.04785203957035298
RepGlennIvey,Glenn Ivey,Q1 (lowest),D,1.13,525,0.30418556485857284,0.6899245891286396,0.22857142857142856,0.5352380952380953,0.5428571428571428,0.12818277273027753,0.3799534464328705,0.2869193160729593,0.013401606728356016,0.06728437390244961
PeteSessions,Pete Sessions,Q1 (lowest),R,0.66,613,0.30495837753787514,0.7520630602302273,0.2724306688417618,0.566068515497553,0.6443719412724307,0.09580943981439272,0.16562425247544524,0.41970952090434654,0.043950909687498374,0.06144482384997584
RepFrenchHill,J. French Hill,Q1 (lowest),R,1.24,629,0.3092333913702275,0.7166525336679007,0.24483306836248012,0.5500794912559619,0.5930047694753577,0.1264809755525523,0.30987874685336175,0.3462915949093415,0.020627232714159945,0.08649955403625322
RepHouchin,Erin Houchin,Q1 (lowest),R,1.49,544,0.3156492391272503,0.7404097822405243,0.25735294117647056,0.5753676470588235,0.6323529411764706,0.09152178136216257,0.18116210883411385,0.38835660932668625,0.033561957264550135,0.0744622024158161
RepLoriTrahan,Lori Trahan,Q1 (lowest),D,0.0,2063,0.3167151692736455,0.7337400575696796,0.26030053320407176,0.5855550169655841,0.6214251090644692,0.11563125283430135,0.21783838154454305,0.32556277962945884,0.042019077343319514,0.06760152777803853
MikeKellyPA,Mike Kelly,Q1 (lowest),R,1.46,704,0.32950435316359455,0.6667862740550845,0.20454545454545456,0.5411931818181818,0.5142045454545454,0.09841838355631886,0.2259206169223117,0.34966202658485845,0.020197939342551714,0.06920273483642214
RepBalderson,Troy Balderson,Q1 (lowest),R,1.62,542,0.3348125035142547,0.7201484759807847,0.24354243542435425,0.5922509225092251,0.6217712177121771,0.10097172805383055,0.2159649566932503,0.3534530187070235,0.034953663734049185,0.0613528958661825
RepCarolMiller,Carol D. Miller,Q1 (lowest),R,0.43,848,0.34118870399751755,0.6883829268152444,0.2099056603773585,0.5695754716981132,0.5542452830188679,0.1213637770266565,0.18640306066914006,0.4274815502534316,0.01939011954160579,0.07388917629728924
RepKamlagerDove,Sydney Kamlager-Dove,Q1 (lowest),D,1.07,825,0.3416494372757998,0.6882920226846156,0.21575757575757576,0.5721212121212121,0.5672727272727273,0.0988890956078345,0.2219123540753075,0.3393524318521447,0.029999012251042317,0.09412701582945314
USRepMikeFlood,Mike Flood,Q1 (lowest),R,1.53,1331,0.3489273084365363,0.6353107629233168,0.1622839969947408,0.5341848234410218,0.5041322314049587,0.08645250984465112,0.17979851154726226,0.29746675458927385,0.032984417999711364,0.0497769047649595
RepGregoryMeeks,Gregory W. Meeks,Q1 (lowest),D,0.22,614,0.35370700570970093,0.6980430591502961,0.21661237785016288,0.5993485342019544,0.5944625407166124,0.09825478999919848,0.2699383508660227,0.3489691131156323,0.01826733995382294,0.07565090271070934
RepVinceFong,Vince Fong,Q1 (lowest),R,1.45,104,0.3548854188277171,0.6570380974687454,0.16346153846153846,0.5288461538461539,0.5384615384615384,0.08638341729797848,0.0844911889250327,0.3773605446745373,0.026092667082523828,0.0536763491422439
RepDaveJoyce,David P. Joyce,Q1 (lowest),R,1.34,681,0.3561171228052411,0.6661459666730396,0.19970631424375918,0.580029368575624,0.5256975036710719,0.0685009759859005,0.2317839811433215,0.3423478435876262,0.030085101616956867,0.0913696128567482
RepJimmyGomez,Jimmy Gomez,Q1 (lowest),D,1.03,1937,0.35987569175556755,0.7025314924697149,0.21734641197728446,0.5967991739803821,0.6076406814661848,0.12063549698398252,0.25880104813569516,0.35294347274363647,0.02406907711516367,0.05877364391088265
RepWesterman,Bruce Westerman,Q1 (lowest),R,1.26,518,0.3636697351817459,0.6625954691986989,0.18146718146718147,0.5598455598455598,0.5328185328185329,0.0877369665763247,0.1597187355884151,0.3570527726665011,0.030049521434397215,0.06566223071568504
RepGuthrie,Brett Guthrie,Q1 (lowest),R,1.0,1087,0.3679207624814438,0.6386420983447546,0.16743330266789327,0.5722171113155474,0.5114995400183993,0.0825597306358111,0.18910213365453968,0.40083937851580165,0.021978977062617183,0.06311941531578052
JayObernolte,Jay Obernolte,Q1 (lowest),R,0.47,630,0.3747095813826909,0.6161496980417084,0.1492063492063492,0.5476190476190477,0.49047619047619045,0.07034618844036082,0.1972247273780845,0.34480661140752045,0.016898218549775013,0.06117998873482321
RepCardenas,Tony Cárdenas,Q1 (lowest),D,0.28,769,0.37630076181284006,0.6430885040030181,0.16644993498049415,0.5799739921976593,0.5331599479843954,0.07296758647980854,0.2072756808381409,0.3080157127563801,0.03036621245965072,0.06324895667696369
RepShriThanedar,Shri Thanedar,Q1 (lowest),D,0.47,914,0.3789157581798879,0.6824941022859784,0.20459518599562362,0.6061269146608315,0.5842450765864332,0.09937216506457548,0.24928571362913476,0.329709574554878,0.02532796965996935,0.07036090954338069
PatrickMcHenry,Patrick T. McHenry,Q1 (lowest),R,0.1,482,0.3812393477472527,0.6740386869264225,0.18464730290456433,0.5746887966804979,0.5892116182572614,0.10735912069606328,0.27510257706854485,0.401288154973606,0.013605774741739816,0.08239541954652661
RepAdrianSmith,Adrian Smith,Q1 (lowest),R,0.36,530,0.38236968489188067,0.611857783696411,0.13962264150943396,0.5547169811320755,0.4867924528301887,0.08617824901978235,0.20260592876002187,0.38191848168641607,0.019056604782098478,0.05180028540099843
RepChuck,"Charles J. ""Chuck"" Fleischmann",Q1 (lowest),R,0.25,1150,0.38975115045257236,0.7213351844645766,0.22695652173913045,0.6391304347826087,0.671304347826087,0.11384498841579715,0.16523385896802997,0.374984431117773,0.041938111339670396,0.07991605367805076
CongresswomanSC,Sheila Cherfilus-McCormick,Q1 (lowest),D,1.04,1592,0.39020768987323773,0.6704082761191916,0.1878140703517588,0.6099246231155779,0.5891959798994975,0.08018872569276814,0.27751470071976725,0.33068021001091624,0.02630386897998953,0.08082788801739157
RepLindaSanchez,Linda T. Sánchez,Q1 (lowest),D,1.33,910,0.40418200807257015,0.6774624926004553,0.1901098901098901,0.6098901098901099,0.6021978021978022,0.1070326321497994,0.21903651193044002,0.38434366469212633,0.015318634232276153,0.06895155463825682
RepBarragan,Nanette Diaz Barragán,Q1 (lowest),D,1.26,1254,0.415677225760866,0.6585798597515096,0.17703349282296652,0.6212121212121212,0.5869218500797448,0.11326319675893887,0.2720014584025437,0.38214767507315117,0.009373441555228,0.07081901247425972
RepGraceMeng,Grace Meng,Q1 (lowest),D,1.36,1387,0.42107576935430524,0.6344431261084481,0.1506849315068493,0.6049026676279741,0.5602018745493872,0.08754706508588282,0.2984640650623162,0.38063553162928415,0.011713975284999912,0.08511938260339912
RepMikeRogersAL,Mike Rogers,Q1 (lowest),R,0.76,394,0.4213573387280333,0.7487572403629136,0.23096446700507614,0.6472081218274112,0.7563451776649747,0.09238805371480825,0.13130247095132333,0.4699050561530246,0.054087814534712904,0.059477577876355124
RepJuanVargas,Juan Vargas,Q1 (lowest),D,0.23,713,0.4238989512850158,0.6342800995662108,0.15568022440392706,0.6143057503506312,0.5596072931276297,0.08443966200749933,0.23887915171065324,0.3602261116877502,0.025392018600592613,0.07152038023527577
CongMikeSimpson,Michael K. Simpson,Q1 (lowest),R,0.61,1095,0.42944465034628565,0.6587132363413326,0.1680365296803653,0.6219178082191781,0.6082191780821918,0.07452542886178358,0.12887702455829725,0.3983636863885307,0.02426573543984238,0.07316347643207823
MarkAmodeiNV2,Mark E. Amodei,Q1 (lowest),R,0.43,130,0.43608809044727914,0.5946727609801682,0.1076923076923077,0.5692307692307692,0.5307692307692308,0.0502513820050248,0.10356806004442307,0.4169095530237358,0.013842577502453797,0.043522064086013924
repmaxmiller,Max L. Miller,Q1 (lowest),R,0.14,1349,0.4385845200320895,0.7111577354683946,0.20681986656782803,0.6604892512972572,0.7034840622683469,0.1001253613209375,0.363729048336405,0.3921061313550464,0.009808671696836755,0.04633084102097951
RepDavidRouzer,David Rouzer,Q1 (lowest),R,0.8,388,0.44673574454698367,0.6894670719958814,0.19072164948453607,0.6469072164948454,0.6804123711340206,0.06117869232593402,0.154934852020983,0.4767427307542488,0.03502432205183961,0.062104100793223184
DonaldNorcross,Donald Norcross,Q1 (lowest),D,0.7,1136,0.44855238843551826,0.6626850012217885,0.18221830985915494,0.659330985915493,0.6223591549295775,0.09705411450376625,0.18890669322625933,0.38971222156783686,0.02272152336195492,0.07566513487544278
RepVeasey,Marc A. Veasey,Q1 (lowest),D,0.76,904,0.4502179217813289,0.646114890786657,0.1570796460176991,0.6382743362831859,0.6028761061946902,0.0794014369895572,0.2014405435960226,0.41349253203147823,0.020358127311649335,0.06397312017779924
RepLouCorrea,J. Luis Correa,Q1 (lowest),D,0.38,483,0.4666741049808005,0.6701372470053333,0.16770186335403728,0.6666666666666666,0.6666666666666666,0.0834558660061557,0.1407346209633722,0.40847017934355945,0.037314963750846065,0.05922972272231199
RepSmucker,Lloyd Smucker,Q1 (lowest),R,1.68,990,0.4672524749931663,0.5906526461112271,0.10505050505050505,0.597979797979798,0.5707070707070707,0.054698482391687835,0.09254701976141667,0.4281170830253166,0.02026151784021294,0.05906834337999099
RepSylviaGarcia,Sylvia R. Garcia,Q1 (lowest),D,0.58,1823,0.4763653728900476,0.6246305593702084,0.13494240263302248,0.6417992320351069,0.6012068019747668,0.071044471290327,0.23388544266499836,0.4194753364221708,0.015799621758615365,0.06295386703504967
RepGregPence,Greg Pence,Q1 (lowest),R,0.1,344,0.4773610514090505,0.6807571212375642,0.18023255813953487,0.6598837209302325,0.688953488372093,0.0792876467476585,0.12863728834917157,0.4918532586901186,0.019282907763501746,0.0699021442201757
RepKweisiMfume,Kweisi Mfume,Q1 (lowest),D,0.54,549,0.4970731851941684,0.6042958588613278,0.11839708561020036,0.6557377049180327,0.6065573770491803,0.0730391508504792,0.3075225212745273,0.39737369373414444,0.014979056753246752,0.07281507678687879
RepTroyCarter,Troy A. Carter,Q1 (lowest),D,0.86,2512,0.5011031767175456,0.5690220831211115,0.09156050955414012,0.6401273885350318,0.5585191082802548,0.06668318547752412,0.34709243724063044,0.35232380632424687,0.006996559420009416,0.0659166083601961
RepRichardNeal,Richard E. Neal,Q1 (lowest),D,0.14,468,0.5029106214005723,0.6116434010885875,0.13675213675213677,0.6858974358974359,0.6153846153846154,0.06283582724060194,0.13532466886868064,0.41520772246017296,0.027467035813083917,0.07681254223989055
RepHalRogers,Harold Rogers,Q1 (lowest),R,0.29,54,0.5031573358509276,0.586133334880108,0.09259259259259259,0.6851851851851852,0.6111111111111112,0.0768222123949305,0.1259995563326541,0.542386050200245,0.01996696533077969,0.07201597908365157
RepFrankLucas,Frank D. Lucas,Q1 (lowest),R,0.98,258,0.5060495610616004,0.5760733677232039,0.10465116279069768,0.6395348837209303,0.5658914728682171,0.051381701979851084,0.20436824041905147,0.4756979706014467,0.006779223549641733,0.05649737770716085
RepBlakeMoore,Blake D. Moore,Q1 (lowest),R,0.18,533,0.506364625177956,0.550580030323459,0.07317073170731707,0.624765478424015,0.5628517823639775,0.05892253732269426,0.15179264906016926,0.4717494847215179,0.010649794933466798,0.04737317459699283
RepStephenLynch,Stephen F. Lynch,Q1 (lowest),D,0.43,286,0.5549632905871718,0.5821840698875546,0.0944055944055944,0.6783216783216783,0.6713286713286714,0.05986886821631044,0.11169770091973157,0.5363344215921051,0.02220869511237666,0.0776410310818582
RepDavidKustoff,David Kustoff,Q1 (lowest),R,0.45,1159,0.5709101674472391,0.6403602444522624,0.14667817083692838,0.7325280414150129,0.7420189818809318,0.059709838430101456,0.16004350259337097,0.6033340443024228,0.017020243705750036,0.051924306392264634
Call_Me_Dutch,C. A. Dutch Ruppersberger,Q1 (lowest),D,0.7,552,0.5720601061332053,0.5901962764111551,0.1213768115942029,0.7355072463768116,0.6594202898550725,0.06576229290141673,0.3112833400768252,0.4188206011169603,0.012384508469251005,0.06821425638032526
RepJimCosta,Jim Costa,Q1 (lowest),D,0.3,1338,0.5782685189191893,0.5339145540642671,0.07698056801195814,0.7182361733931241,0.609118086696562,0.05270658230637154,0.1543033880090079,0.4116684908325915,0.0170952581404486,0.05421438643432835
RepDavidScott,David Scott,Q1 (lowest),D,0.18,182,0.5832441138042198,0.5414997898437772,0.08241758241758242,0.7197802197802198,0.6483516483516484,0.0643368263637447,0.18053586384653145,0.41879223103399627,0.014163339794802065,0.06831468737001047
RepDarrenSoto,Darren Soto,Q1 (lowest),D,1.43,2240,0.6176207786159856,0.5137240280698786,0.06473214285714286,0.7464285714285714,0.6397321428571429,0.05782694188318206,0.22473070870532214,0.47233341973583914,0.007827374801263382,0.051941189905457014
RepBrianFitz,Brian K. Fitzpatrick,Q1 (lowest),R,1.1,2530,0.647877719020655,0.4895678009397198,0.05375494071146245,0.7699604743083004,0.6577075098814229,0.03349185063622854,0.09369872705254004,0.5102145388167031,0.015008777769641551,0.06477595365237213
RepCuellar,Henry Cuellar,Q1 (lowest),D,0.74,884,0.6838208916365291,0.4464654605947782,0.03959276018099547,0.7997737556561086,0.6640271493212669,0.022775721901788525,0.09831383321938633,0.5661946763412246,0.008267207730778605,0.06572653827494758
RepMoylan,James C. Moylan,Q1 (lowest),R,1.71,79,0.7404384696030919,0.4068252880391656,0.012658227848101266,0.810126582278481,0.7341772151898734,0.03914161395691213,0.14643365653015114,0.5268144157782928,0.01294036140047227,0.048717510323570634
repblumenauer,Earl Blumenauer,Q1 (lowest),D,0.86,1,0.989616870880127,,0.0,1.0,1.0,0.0012237110640853,0.0007838887395337,0.9689884781837464,0.000251114135608,0.0029186389874666
RepPatFallon,Pat Fallon,Q2,R,2.19,1447,-0.4962351807826292,0.5271454336186897,0.7097442985487215,0.0912232204561161,0.4920525224602626,0.1702420428032348,0.24836305377203352,0.046672203853595925,0.11752062222132761,0.06608264677003844
Rep_Clyde,Andrew S. Clyde,Q2,R,4.3,1384,-0.38104190326408843,0.6044586557044802,0.6148843930635838,0.13945086705202311,0.48627167630057805,0.20556515080996784,0.13948574672863837,0.06715863303328803,0.12771946906451828,0.08480218576888632
repbrecheen,Josh Brecheen,Q2,R,3.88,788,-0.3483796658249676,0.6242097933199554,0.6104060913705583,0.16116751269035534,0.4746192893401015,0.1971140654780813,0.19484739659219943,0.10727906505119875,0.08653769755691595,0.09928342080019117
repkeithself,Keith Self,Q2,R,3.45,892,-0.21766213364398,0.6614945435822648,0.5145739910313901,0.22085201793721973,0.4282511210762332,0.20859289278685803,0.24117175472364916,0.10237576257557336,0.08345885657522126,0.05964425364996024
RepLaMalfa,Doug LaMalfa,Q2,R,3.39,824,-0.18069152555708745,0.6806424428435572,0.47451456310679613,0.23907766990291263,0.49029126213592233,0.1785595963339748,0.15364848883695828,0.15345338716053566,0.09642212264398302,0.08638538427758861
repkevinhern,Kevin Hern,Q2,R,1.89,1231,-0.15542159818421525,0.7039447629405163,0.4776604386677498,0.27132412672623885,0.4930950446791227,0.18094582410963705,0.16447654878758464,0.16087613305405157,0.07041932630417594,0.06213928623381047
RepBarryMoore,Barry Moore,Q2,R,1.76,1053,-0.08323829381214587,0.7263939276896143,0.452991452991453,0.3190883190883191,0.5042735042735043,0.14169864523291303,0.21218239049930127,0.1558218251751047,0.061798245525221916,0.08682344033625389
RepMcCormick,Richard McCormick,Q2,R,4.56,822,-0.07645264543466035,0.7507031104141257,0.44768856447688565,0.3236009732360097,0.5620437956204379,0.18841112627383827,0.13552858608906124,0.1986216613059096,0.08337681528779621,0.06952942406190464
RepLoudermilk,Barry Loudermilk,Q2,R,1.91,552,-0.050858649168757424,0.6690053758703676,0.391304347826087,0.2807971014492754,0.3786231884057971,0.1620733677123823,0.21456146693964143,0.18183935455802025,0.0557422737637471,0.07460371126934116
RepMarkAlford,Mark Alford,Q2,R,2.77,1502,-0.044751227239317966,0.7439873677292632,0.4207723035952064,0.3521970705725699,0.5459387483355526,0.11966856704894158,0.17027045745658653,0.18298353460883907,0.08988352919626914,0.07714827795051493
RepRichHudson,Richard Hudson,Q2,R,4.27,1083,-0.04013626165997619,0.7854771554672746,0.45706371191135736,0.3721144967682364,0.6177285318559557,0.1628351944954167,0.19841077327124693,0.23198072199658867,0.07789206486698391,0.0811963984300425
RepMoolenaar,John R. Moolenaar,Q2,R,2.25,95,-0.03934848685013619,0.6788673900160361,0.4,0.28421052631578947,0.4,0.20238810049271894,0.1784277914772055,0.1657742163999692,0.06473589350889114,0.08477676214748303
RepMikeRulli,Michael A. Rulli,Q2,R,3.42,2,0.0,0.0,0.0,0.0,0.0,0.00858249724842605,0.0026067024446092,0.021719582146033603,0.0010102476226165002,0.042156647425144904
WhipKClark,Katherine M. Clark,Q2,D,3.3,1097,0.009733208006039032,0.7725797822337281,0.42570647219690066,0.41567912488605285,0.5761166818596172,0.15729166698597924,0.25152520096846814,0.1917004641131937,0.05065046286130769,0.0980359391950719
RepGaramendi,John Garamendi,Q2,D,2.36,476,0.036782439078102594,0.6993225724718821,0.34243697478991597,0.3760504201680672,0.4474789915966387,0.1404152290979713,0.2740578603414239,0.1791812166752721,0.0432832663736764,0.09366126551217993
jahimes,James A. Himes,Q2,D,4.51,670,0.04766551723231131,0.6429239623071729,0.29850746268656714,0.3238805970149254,0.3567164179104478,0.11575338904704172,0.10901821796198496,0.1737551570239254,0.050674100427991677,0.09485777934062735
RepDonBacon,Don Bacon,Q2,R,2.67,3987,0.07392250468236389,0.6505397830026691,0.28793579132179586,0.3403561575119137,0.38625532982192123,0.13356083581397346,0.11114556415263083,0.23171962234947258,0.028266871809602308,0.12403711566473134
RepDavid,David Schweikert,Q2,R,2.92,543,0.09518129604956063,0.7184819992237506,0.3406998158379374,0.40699815837937386,0.4843462246777164,0.08701535597555919,0.22664004065725404,0.25722173544687377,0.043002228435547164,0.09331375808569961
RepGwenMoore,Gwen Moore,Q2,D,2.88,1481,0.09615200210631819,0.7781687182126241,0.3828494260634706,0.4449696151249156,0.6029709655638082,0.12863565553041018,0.19590345178601476,0.251027403356115,0.06380172916462815,0.07542648601301222
RepBonnie,Bonnie Watson Coleman,Q2,D,4.08,1274,0.09831284414655185,0.7024780327661732,0.315541601255887,0.40580847723704866,0.46153846153846156,0.1063299363134432,0.2174167252700416,0.22175735688130596,0.05456580908232672,0.08941143196440017
RepEscobar,Veronica Escobar,Q2,D,1.98,1416,0.10508002412352858,0.7464526491042529,0.346045197740113,0.4364406779661017,0.5402542372881356,0.11639018411719168,0.18843264654142686,0.2878651303994879,0.05811760408109846,0.08183789766946242
RepBlaine,Blaine Luetkemeyer,Q2,R,3.33,482,0.11239228462529875,0.7622626005164191,0.35477178423236516,0.4315352697095436,0.5746887966804979,0.11412538703001116,0.3095003929423555,0.2591817650571562,0.02689057156155934,0.07204783949261928
RepYvetteClarke,Yvette D. Clarke,Q2,D,3.0,1254,0.11245393002052247,0.7745289974944701,0.3708133971291866,0.4704944178628389,0.6004784688995215,0.13797874233810387,0.24188342962825374,0.23572643190599396,0.06623527244042729,0.09727518470569634
RepSamGraves,Sam Graves,Q2,R,1.75,80,0.11424945779144764,0.7466662527310134,0.35,0.45,0.525,0.09952169527387009,0.15147819576959587,0.199826762410521,0.05468624490458747,0.13762530698004408
StaceyPlaskett,Stacey E. Plaskett,Q2,D,4.2,357,0.1156349700539052,0.6725522546855129,0.2857142857142857,0.3865546218487395,0.4061624649859944,0.13779660977008396,0.21310249140553944,0.1920363660313186,0.04762715059453199,0.055553533743867345
VernBuchanan,Vern Buchanan,Q2,R,2.16,666,0.11826208757387625,0.7516099341285467,0.33933933933933935,0.4339339339339339,0.575075075075075,0.0976117411232448,0.17452729345928922,0.25049852270507733,0.07895547956170657,0.10481616499111494
RepRussellFry,Russell Fry,Q2,R,3.45,803,0.1366582811249891,0.7424996377896793,0.32129514321295144,0.43212951432129515,0.5442092154420921,0.12917711802824672,0.1785595561005479,0.284029161872007,0.06201096714847133,0.05094147321363909
RepChuyGarcia,"Jesús G. ""Chuy"" García",Q2,D,3.84,1026,0.14397994409992448,0.7085362334182769,0.29142300194931775,0.4298245614035088,0.5,0.13097578732901138,0.1838958698663439,0.25221289911892986,0.058346801222988215,0.09774793616108425
RepEzell,Mike Ezell,Q2,R,2.35,350,0.1651889614548002,0.7666336631620462,0.33714285714285713,0.4742857142857143,0.6114285714285714,0.11742291524324429,0.1689806563094524,0.3392382713444697,0.058443352128794764,0.08901107381530368
RepAlGreen,Al Green,Q2,D,3.39,312,0.16699565994815949,0.45359468755719357,0.08012820512820513,0.266025641025641,0.20192307692307693,0.07405130731179568,0.18473631139036462,0.20783648381397,0.02436819050937904,0.10851744380413897
NydiaVelazquez,Nydia M. Velázquez,Q2,D,3.74,981,0.1765490100775047,0.7215666681160338,0.29255861365953106,0.45769622833843016,0.5351681957186545,0.11604124566362825,0.21500302389342188,0.28616580298856,0.04501542883813466,0.11865175381850135
RepBryanSteil,Bryan Steil,Q2,R,5.22,849,0.18866400429441454,0.6982698930846197,0.2791519434628975,0.4452296819787986,0.4711425206124853,0.09202656905021178,0.14577188093404586,0.2834714281384929,0.036941223574515104,0.07415423561663673
RepChuckEdwards,Chuck Edwards,Q2,R,2.81,918,0.20106759300548785,0.6659011991814315,0.23093681917211328,0.4324618736383442,0.46296296296296297,0.09377709190694211,0.21406575181608467,0.27592282601457047,0.03283253225428719,0.07730793654725909
RepGarbarino,Andrew R. Garbarino,Q2,R,2.63,338,0.2254122276101592,0.6894460533904685,0.23964497041420119,0.47041420118343197,0.4940828402366864,0.09453242169999646,0.24763801561769427,0.2848674331306233,0.039141257847571415,0.12033472102932413
RepDianaDeGette,Diana DeGette,Q2,D,3.59,744,0.2278017344413906,0.7493952660867602,0.3010752688172043,0.5134408602150538,0.5873655913978495,0.09981087290659049,0.20492671848347446,0.3197498831980356,0.05104759951038466,0.07758621612768077
EleanorNorton,Eleanor Holmes Norton,Q2,D,2.5,621,0.23283108934496144,0.5336876210347578,0.11594202898550725,0.3784219001610306,0.30112721417069244,0.12543887411697496,0.19164954970084425,0.26614212992291025,0.02098819160271182,0.07042080068217672
VirginiaFoxx,Virginia Foxx,Q2,R,2.24,249,0.23410483309064045,0.6660534020431895,0.21686746987951808,0.46586345381526106,0.4538152610441767,0.12159667260842917,0.10315128183798826,0.20599510258738787,0.05802357860515451,0.049484227930782804
RepWebster,Daniel Webster,Q2,R,3.48,626,0.2366910414954725,0.6618407664650892,0.23003194888178913,0.476038338658147,0.426517571884984,0.15305393044314247,0.22360483385129126,0.25827641074295365,0.030576030894700682,0.08450206410278897
RepLoisFrankel,Lois Frankel,Q2,D,4.31,1339,0.23820358948800172,0.7168434689503598,0.26512322628827484,0.5145631067961165,0.5489171023151606,0.11240025433917582,0.2966357169913589,0.2894289473550005,0.0361569033984201,0.08365852977534337
RepNewhouse,Dan Newhouse,Q2,R,2.26,770,0.24200437239238193,0.6881190184154947,0.24805194805194805,0.4857142857142857,0.4857142857142857,0.10833292336017192,0.245735914305052,0.31160981548888084,0.03197110772917917,0.060166885980931006
RepFranklin,Scott Franklin,Q2,R,2.95,915,0.2482969429323582,0.71092330528494,0.2546448087431694,0.4918032786885246,0.5409836065573771,0.10830906365452268,0.2175875096075501,0.31160969928506876,0.03145138462278618,0.07081524720491807
RepBuddyCarter,"Earl L. ""Buddy"" Carter",Q2,R,3.63,1134,0.26972887282649044,0.7142124519657358,0.25485008818342153,0.5326278659611993,0.5511463844797179,0.11643501203189964,0.23449848573771917,0.28307623017288375,0.03466405559273068,0.08129248983736721
RepRickAllen,Rick W. Allen,Q2,R,2.84,534,0.27693081984805706,0.6577692510695685,0.20973782771535582,0.4812734082397004,0.45880149812734083,0.12010696012184911,0.23430365802522238,0.31613543143579625,0.016999219381299446,0.07131119021620032
RepJudyChu,Judy Chu,Q2,D,3.22,1195,0.28556710376899114,0.6818687734084488,0.22761506276150628,0.5271966527196653,0.5154811715481171,0.13158533802532651,0.276533485321517,0.32173836435258063,0.014468665745096608,0.09663770592486029
TomColeOK04,Tom Cole,Q2,R,4.09,358,0.2864977361103676,0.6537669657372174,0.18994413407821228,0.4888268156424581,0.49162011173184356,0.0971368781242821,0.21983319287209158,0.34279589955457584,0.017287922324490744,0.10317962794849521
RepRitchie,Ritchie Torres,Q2,D,3.5,1383,0.28903862359897864,0.6755851295700753,0.21330441070137382,0.5162689804772235,0.5155459146782357,0.10402230672655786,0.2566043836682824,0.3075713871695223,0.03451158232287926,0.06286419293900782
RepBost,Mike Bost,Q2,R,4.14,1079,0.29841865503865334,0.6851938231384904,0.2159406858202039,0.5273401297497683,0.5542168674698795,0.08536435223900492,0.08493938603764482,0.33868689423415543,0.04046281769646375,0.060390277930603954
RepJohnLarson,John B. Larson,Q2,D,3.85,1412,0.3062209427863275,0.6580386337017764,0.2131728045325779,0.5580736543909348,0.4702549575070821,0.12699835925327052,0.2717445666733822,0.26922282812755455,0.018247422974506093,0.07195247392651287
RepThompson,Mike Thompson,Q2,D,4.16,1584,0.30799982141740995,0.666931829752343,0.2058080808080808,0.5404040404040404,0.5107323232323232,0.07553104791488768,0.21008838631669183,0.3060133922705669,0.027365418019392268,0.10483139607925411
RepTedLieu,Ted Lieu,Q2,D,2.93,1019,0.3202861145913776,0.716061730533908,0.23846908734052993,0.563297350343474,0.5947006869479883,0.12243885909758048,0.2773471806897307,0.32063500232069403,0.02759538883063092,0.09478190971170096
RepCleaver,Emanuel Cleaver,Q2,D,4.3,2145,0.3208714394997328,0.6995498012422509,0.23636363636363636,0.5827505827505828,0.5571095571095571,0.14025385369848467,0.25467821160178855,0.32281982460853503,0.02930446301295476,0.06822940108913378
RosaDeLauro,Rosa L. DeLauro,Q2,D,4.63,1115,0.3223697075127486,0.6857650937163956,0.21614349775784752,0.5623318385650224,0.5533632286995516,0.12574674670919644,0.23338082250951045,0.30959674761851935,0.025026136228092688,0.08350766583913809
RepRickLarsen,Rick Larsen,Q2,D,5.41,1488,0.32459831956814056,0.5407676784775222,0.10349462365591398,0.47446236559139787,0.3548387096774194,0.07919953254320478,0.20569986564993495,0.333280006657362,0.008493482012718476,0.09629881234947676
RepLaLota,Nick LaLota,Q2,R,2.4,1299,0.3248121437886938,0.6876664500826448,0.21401077752117012,0.5535026943802925,0.550423402617398,0.10593225680059713,0.19882792864882778,0.3132931202463169,0.03543842821322833,0.05586263995347512
RepDwightEvans,Dwight Evans,Q2,D,2.47,1247,0.3327641451033766,0.5538607551689736,0.10024057738572574,0.4667201283079391,0.40016038492381717,0.07346088282588256,0.15907955581341726,0.2929758387762469,0.012606324233868427,0.07522160514386116
RepDWStweets,Debbie Wasserman Schultz,Q2,D,4.46,2000,0.33708253476023675,0.7011648123294225,0.217,0.5725,0.589,0.1227077009323693,0.34551301101291026,0.3217420994198764,0.01973498420336541,0.059484772354742706
RepMGriffith,H. Morgan Griffith,Q2,R,2.8,681,0.33892011428019375,0.5624905859545493,0.09397944199706314,0.44640234948604995,0.4302496328928047,0.04721334436292949,0.09723194886353506,0.38065219281337714,0.029763966293268853,0.05469283958823141
RepSchneider,Bradley Scott Schneider,Q2,D,5.22,1328,0.3398019279835813,0.687853440978533,0.2085843373493976,0.5617469879518072,0.5783132530120482,0.07809588673499307,0.13608869995357917,0.374448887050062,0.04975744033303465,0.08445054580022174
RepGusBilirakis,Gus M. Bilirakis,Q2,R,2.26,1365,0.33992155360214876,0.6976397904047166,0.2271062271062271,0.580952380952381,0.5677655677655677,0.10037936795018473,0.14855617082502087,0.3655548276414245,0.03815733777579161,0.06455115863964667
RepAdamSmith,Adam Smith,Q2,D,3.67,1933,0.36334907122060417,0.6149540343043476,0.15106052767718572,0.5675116399379203,0.4676668391101914,0.07646705675505813,0.1910596551607636,0.29597065659398036,0.02222116379192053,0.06769018226226188
RobWittman,Robert J. Wittman,Q2,R,2.04,1110,0.36929075854855614,0.6281457607919979,0.16126126126126125,0.5531531531531532,0.4981981981981982,0.0779421955642294,0.23794584214461328,0.37323877009424705,0.020131806470899426,0.05695172886013863
RepAndreCarson,André Carson,Q2,D,4.02,990,0.3710603598392371,0.6719975642385156,0.20404040404040405,0.604040404040404,0.5595959595959596,0.09452263352748078,0.2008561336559142,0.27957591424211664,0.03051783381926004,0.08510066380711372
RepDavidValadao,David G. Valadao,Q2,R,2.68,826,0.3807064099259873,0.6249676664113821,0.1549636803874092,0.5617433414043583,0.4963680387409201,0.06823922201825333,0.18942207030303795,0.3757155792340966,0.018601891428446232,0.08009626834608777
RepAdams,Alma S. Adams,Q2,D,4.82,742,0.38180495027422584,0.616928050683445,0.1522911051212938,0.5619946091644205,0.49056603773584906,0.08427688195366995,0.20842979989973812,0.30830730403535944,0.02125311714752445,0.08741975275539499
RepNateMoran,Nathaniel Moran,Q2,R,2.64,500,0.38215760588645936,0.6666604999115916,0.174,0.584,0.574,0.1024496616015676,0.1838500911054434,0.3793454379537143,0.02622366650102772,0.06257826156390361
RepShontelBrown,Shontel M. Brown,Q2,D,4.61,1564,0.389490124057321,0.6380764340401677,0.1636828644501279,0.5843989769820972,0.5274936061381074,0.09078492105653704,0.2208079101666367,0.33409469759990457,0.023312395054675313,0.059212090881646126
BettyMcCollum04,Betty McCollum,Q2,D,4.34,1761,0.4037826170405497,0.6585619937802573,0.17092561044860874,0.6081771720613288,0.5831913685406019,0.08303984339394714,0.20640250101477547,0.3810772236705762,0.020620719399952324,0.07828234079156265
RepNikema,Nikema Williams,Q2,D,3.24,1642,0.40636246185863206,0.6544728501036453,0.1753958587088916,0.6084043848964678,0.5669914738124239,0.08574069790772824,0.3045929857617011,0.34667038915122095,0.018360536504207776,0.0779920800412629
RepPeteAguilar,Pete Aguilar,Q2,D,3.85,377,0.40927117272460495,0.6960589594649488,0.21485411140583555,0.6286472148541115,0.6339522546419099,0.09437993993171775,0.18961077091147915,0.4085315276233452,0.019715253246265024,0.07738375152394526
BennieGThompson,Bennie G. Thompson,Q2,D,1.98,553,0.4105929386874435,0.6286791833795949,0.13924050632911392,0.5768535262206148,0.5479204339963833,0.08268293627833768,0.09652841270257712,0.3556824294504142,0.023154405376439775,0.07978040616850704
BobLatta,Robert E. Latta,Q2,R,2.53,1165,0.41699129575823507,0.6378478803844432,0.15450643776824036,0.5965665236051502,0.5630901287553648,0.0731712942423854,0.23060698362068335,0.39505773796367677,0.022590428951149856,0.07052767998428987
RepCarbajal,Salud O. Carbajal,Q2,D,2.83,2106,0.425908735901089,0.6055724034431909,0.13247863247863248,0.6030389363722697,0.5189933523266856,0.08818033585202273,0.20636253763405482,0.3675301442163961,0.015069358143213314,0.07726278802130547
RepDanKildee,Daniel T. Kildee,Q2,D,5.1,679,0.4347688980148186,0.6714780201910467,0.18998527245949925,0.6539027982326951,0.6200294550810015,0.1070361330376393,0.18047186069564947,0.3882211476618586,0.0281911435165548,0.100027041944719
RepMikeCarey,Mike Carey,Q2,R,3.04,700,0.4416110757419041,0.6485665508407701,0.16285714285714287,0.6257142857142857,0.6014285714285714,0.06433825031455069,0.12475444259546094,0.4466541458296706,0.02102070135885562,0.08319374739741238
RepKevinMullin,Kevin Mullin,Q2,D,3.11,479,0.447469287040587,0.6430560832325919,0.16075156576200417,0.6367432150313153,0.605427974947808,0.0855814876724598,0.3095548812124128,0.3883799581475204,0.00952228163579223,0.06947321478544297
RepGregStanton,Greg Stanton,Q2,D,4.71,953,0.44759490951536085,0.6176283923358725,0.1385099685204617,0.6201469045120671,0.5676810073452256,0.06961406980739396,0.20871250857237492,0.3919002378851973,0.01414841264532422,0.08052503124593068
RepStenyHoyer,Steny H. Hoyer,Q2,D,1.79,1479,0.45013924854844706,0.6598033734597869,0.1744421906693712,0.6572008113590264,0.6206896551724138,0.08928495854307139,0.22438824582624417,0.3944487003053436,0.02227795998488769,0.10114878190220396
RepMaloyUtah,Celeste Maloy,Q2,R,2.11,284,0.46079350178930123,0.5998173651734419,0.12323943661971831,0.6161971830985915,0.545774647887324,0.08358063322941203,0.1397837949864456,0.4384206075948486,0.023712968453508673,0.06302640607792052
Rep_SteveWomack,Steve Womack,Q2,R,2.78,1145,0.4711958957291066,0.631493453737724,0.14410480349344978,0.6445414847161572,0.5903930131004367,0.08263655384640534,0.2029655500915507,0.433585633596687,0.01660831612522107,0.07522348046331259
RepRobinKelly,Robin L. Kelly,Q2,D,3.67,1683,0.4803139426951882,0.6055969087029734,0.12715389185977422,0.6547831253713606,0.5710041592394534,0.058846701636223665,0.2129422686037955,0.37517032563156244,0.011693392317863526,0.05989411824795928
Rep_Magaziner,Seth Magaziner,Q2,D,2.68,1158,0.4808923661039695,0.6258844993716274,0.14421416234887738,0.6614853195164075,0.6122625215889465,0.09073828390391502,0.17145428110155034,0.404379730021543,0.023399145645015256,0.06044321653388101
RepDebDingell,Debbie Dingell,Q2,D,4.77,1644,0.4842175637029673,0.6039284560933905,0.12712895377128955,0.6618004866180048,0.5754257907542579,0.06519887657157553,0.1904225783222934,0.40717671061926886,0.0162917399295615,0.08570535164409983
RepBeatty,Joyce Beatty,Q2,D,1.74,881,0.49556894703566284,0.6092481202025724,0.13280363223609534,0.6674233825198638,0.5891032917139614,0.08067956258210895,0.25890199435565214,0.3888992840244073,0.016365214426447134,0.060795420767431746
RepFletcher,Lizzie Fletcher,Q2,D,2.45,854,0.5020345335682326,0.569293127185607,0.0936768149882904,0.629976580796253,0.5491803278688525,0.051739188769000126,0.2502199008489211,0.4416557718058819,0.008244746370122808,0.06327422498084657
RepGonzalez,Vicente Gonzalez,Q2,D,3.11,963,0.5165130683256706,0.5878863570743759,0.10695742471443406,0.6593977154724818,0.5856697819314641,0.061356447328453564,0.14002746907099697,0.436721060575972,0.014083669708608524,0.06812160242342136
RepJuliaLetlow,Julia Letlow,Q2,R,1.72,1098,0.5172760893738335,0.6443023902443994,0.14754098360655737,0.692167577413479,0.6885245901639344,0.08053644213827899,0.12531010462247352,0.4522265666260675,0.02330788216963781,0.061553125193426074
RepJoeMorelle,Joseph D. Morelle,Q2,D,3.21,2359,0.5193697760270884,0.6304522305196855,0.1496396778295888,0.7007206443408224,0.6502755404832556,0.06477605068288568,0.219780608705153,0.4191615872465874,0.021282988264609906,0.06449057151925784
RepStricklandWA,Marilyn Strickland,Q2,D,3.64,1104,0.5399663023974585,0.5522724964922537,0.08967391304347826,0.6965579710144928,0.5769927536231884,0.06885690302279077,0.2817563034802425,0.38068288207411394,0.007317453758187662,0.04967928156501312
RepLaHood,Darin LaHood,Q2,R,3.86,709,0.541823776761971,0.6367593378896999,0.14809590973201692,0.7108603667136812,0.6981664315937941,0.07377315235845688,0.1938897835267103,0.5481739935847899,0.019154835466737286,0.03691712153808843
BobbyScott,"Robert C. ""Bobby"" Scott",Q2,D,3.52,1101,0.5476506628522431,0.6219202342621681,0.1298819255222525,0.7020890099909174,0.698455949137148,0.06653284830642651,0.11995515634557316,0.5678016729628562,0.01920263699317893,0.04793191042470299
SanfordBishop,"Sanford D. Bishop, Jr.",Q2,D,2.76,395,0.5529391527930393,0.5278996374047044,0.07088607594936709,0.6962025316455697,0.5670886075949367,0.0456975141886468,0.11187619933876193,0.5231317200440077,0.01253764889445416,0.07647352278427087
RepDannyDavis,Danny K. Davis,Q2,D,4.27,329,0.5535002361677338,0.488608161101982,0.03951367781155015,0.6717325227963525,0.5379939209726444,0.046944338417156214,0.23977467531779223,0.3429864280965776,0.01623393522025616,0.05760757562295334
RepJimmyPanetta,Jimmy Panetta,Q2,D,3.44,2961,0.5606590408563855,0.5179650866525612,0.07092198581560284,0.6970618034447822,0.5650118203309693,0.034371317426670246,0.11265934768057728,0.4151889276008743,0.021903966278787112,0.04488895577353011
DorisMatsui,Doris O. Matsui,Q2,D,2.33,587,0.5733100423110201,0.5481202667836362,0.09540034071550256,0.7325383304940375,0.5945485519591142,0.06769475430782461,0.24968642747629385,0.4318868052871823,0.007561246853689036,0.0634994543499822
CongressmanKean,"Thomas H. Kean, Jr.",Q2,R,3.92,1150,0.5822493313447289,0.5039753124251948,0.05217391304347826,0.691304347826087,0.5791304347826087,0.03153414264751553,0.1130998180485735,0.48432052814482673,0.009913195771058848,0.05621410054691212
reptimkennedy,Timothy M. Kennedy,Q2,D,4.0,479,0.6019126251495457,0.5915460521980356,0.1127348643006263,0.7494780793319415,0.7014613778705637,0.05614872379296519,0.14678006609226135,0.5238516849239886,0.010613643910400646,0.10646618298320037
CongressmanGT,Glenn Thompson,Q2,R,2.48,143,0.6088115314503649,0.5691366352379443,0.09090909090909091,0.7552447552447552,0.6783216783216783,0.05547320451530447,0.13004983664438174,0.5246496028600626,0.009962291440680587,0.07364501795483995
RepTerriSewell,Terri A. Sewell,Q2,D,2.58,1237,0.6226819620174849,0.5538660055203276,0.08973322554567502,0.7647534357316087,0.6863379143088116,0.05616883820403896,0.18118178114698644,0.48019244878285294,0.01027157840760777,0.07741477464465193
RepHorsford,Steven Horsford,Q2,D,3.38,1585,0.6233165064444677,0.5387485386040408,0.08643533123028391,0.7646687697160883,0.670031545741325,0.05805589670597421,0.2156893125847966,0.46848338081645385,0.009100053797111275,0.05296903126909796
RepTrentKelly,Trent Kelly,Q2,R,2.64,158,0.6647758910173103,0.49421151576176114,0.04430379746835443,0.7531645569620253,0.689873417721519,0.02820726392954241,0.06656586596244188,0.5559328281202006,0.018726965548346044,0.041953072287849565
RepNikkiB,Nikki Budzinski,Q2,D,5.11,1200,0.672120978757739,0.5021204878272204,0.06416666666666666,0.7833333333333333,0.6891666666666667,0.04998743469817171,0.15272535873841353,0.5464817547563385,0.006278807737119931,0.05624630199216573
RepLaMonica,LaMonica McIver,Q2,D,4.52,35,0.676014426776341,0.4708651610670942,0.02857142857142857,0.7714285714285715,0.6571428571428571,0.0524171482538804,0.23179349400369179,0.44808666200510094,0.019824900838180528,0.03313607100197775
repogles,Andrew Ogles,Q3,R,11.89,801,-0.2598886310905404,0.6423092167640523,0.5118601747815231,0.1797752808988764,0.46941323345817726,0.1694374755688375,0.1329037298013243,0.11305346450328471,0.12529774045471181,0.06131525260391065
SteveScalise,Steve Scalise,Q3,R,5.78,393,-0.25498962091428934,0.6949621361782728,0.5597964376590331,0.22646310432569974,0.5343511450381679,0.2426088479366485,0.15326932624375514,0.11288944768103079,0.13192984214116688,0.08128546284566186
RepMarkGreen,Mark E. Green,Q3,R,9.7,3528,-0.2410358089337003,0.6749134246541865,0.5320294784580499,0.2185374149659864,0.47590702947845803,0.1535360728866306,0.20863138009862062,0.12786139963836393,0.10565497826016884,0.0843053016339216
RepJasonSmith,Jason Smith,Q3,R,8.11,1408,-0.23661578590558333,0.6171540092122256,0.5035511363636364,0.1825284090909091,0.37855113636363635,0.17754190194818872,0.12751575586852673,0.10474419065294359,0.09966462280745372,0.08451525482145036
RepTroyNehls,Troy E. Nehls,Q3,R,7.56,1212,-0.2203759965379246,0.6542642420701558,0.4991749174917492,0.20627062706270627,0.4430693069306931,0.14500854182189246,0.08888670580017183,0.0983575953937826,0.10422585357849638,0.09363939075240102
GOPMajorityWhip,Tom Emmer,Q3,R,6.1,1498,-0.21374974621631435,0.6837436453482922,0.5106809078771696,0.23965287049399198,0.472630173564753,0.19028626464785867,0.2176899912205474,0.12579112883187393,0.09006818673168425,0.07659694676507242
RepDanBishop,Dan Bishop,Q3,R,6.05,1330,-0.21317513244492667,0.6197238147221952,0.47293233082706765,0.18646616541353384,0.3804511278195489,0.14930644776121554,0.1404482946674036,0.10175084715084995,0.1115701390532413,0.06743081388522383
RepBenCline,Ben Cline,Q3,R,5.82,1392,-0.18745717729559574,0.7421580718009806,0.5395114942528736,0.27729885057471265,0.576867816091954,0.18964659367631462,0.1664463505116271,0.17816375000526521,0.0775805467453534,0.07769471914171246
RepAndyHarrisMD,Andy Harris,Q3,R,11.32,635,-0.1772776659548752,0.6332939829127905,0.4440944881889764,0.1952755905511811,0.4062992125984252,0.14658685361528326,0.1880475987825546,0.12958712226273048,0.07829287508213852,0.07773128671912603
RepRalphNorman,Ralph Norman,Q3,R,7.55,814,-0.17440125346183777,0.7082619878337554,0.4987714987714988,0.26044226044226043,0.5036855036855037,0.15196454944918547,0.15180606509547984,0.16807922154292576,0.08954312150416548,0.07696385764464256
RepSwalwell,Eric Swalwell,Q3,D,13.16,1141,-0.15944241035621903,0.6693770870749258,0.4645048203330412,0.2427695004382121,0.4294478527607362,0.16552275484141102,0.17178256195207411,0.12198641580449616,0.08166114176232696,0.0849374383032945
debbielesko,Debbie Lesko,Q3,R,12.66,2836,-0.12432923980256902,0.7419695751776637,0.4848377997179126,0.31170662905500707,0.5550070521861777,0.17845398050100175,0.20196616901814016,0.21622619431108672,0.08110532636592949,0.06830555743268803
RepMichaelCloud,Michael Cloud,Q3,R,10.23,526,-0.07129222942169175,0.7203828307633162,0.4296577946768061,0.31368821292775667,0.4847908745247148,0.15267536646038904,0.11630257504077902,0.16889504244323764,0.10100852523680494,0.07075295628399492
FmrRepRosendale,"Matthew M. Rosendale, Sr.",Q3,R,12.33,1831,-0.045684821110224864,0.7519383353202244,0.4358274167121791,0.3462588749317313,0.553795740032769,0.19482298705764753,0.15305294277946008,0.21775239902939317,0.06830024879244175,0.07350912988283792
RepRoKhanna,Ro Khanna,Q3,D,6.39,1559,-0.03546606223119842,0.6816255169058932,0.40667094291212313,0.32456703014753047,0.38293778062860806,0.19778203926713908,0.1424333280084354,0.18657353739973276,0.05735741578716203,0.09800979138514462
RepDeanPhillips,Dean Phillips,Q3,D,5.57,338,-0.02969944177294624,0.7313969197800864,0.4260355029585799,0.35502958579881655,0.4970414201183432,0.12661141881887306,0.16533651483743228,0.17708605342319358,0.14275785586695092,0.10917120440635748
RepNicole,Nicole Malliotakis,Q3,R,11.15,1771,0.00984086177902394,0.7373266292531063,0.39412761151891584,0.36928289102202144,0.51270468661773,0.20078274904694937,0.25854115096978,0.2706374286825546,0.03131111213138693,0.09636573672047714
RepGregMurphy,Gregory F. Murphy,Q3,D,9.77,1868,0.023576287851854363,0.7620537997232311,0.3961456102783726,0.39132762312633834,0.5626338329764454,0.14024478276656555,0.14826560430952562,0.2564939045529811,0.07183645878953457,0.08788726575119463
CongressmanRaja,Raja Krishnamoorthi,Q3,D,7.45,2133,0.04128141286951021,0.7122591415007548,0.3647444913267698,0.3745897796530708,0.4646038443506798,0.11816168366249147,0.18047506096360236,0.22943118170303375,0.0824129963525765,0.07714599383891453
RepDonBeyer,"Donald S. Beyer, Jr.",Q3,D,6.44,1791,0.04148577385811351,0.711296353971105,0.3562255723059743,0.3740926856504746,0.46621998883305416,0.11258212799239652,0.1492329001634242,0.2052660721628422,0.08725901641186799,0.07675761043158184
RepPfluger,August Pfluger,Q3,R,9.26,907,0.053319396034228105,0.7494647159783572,0.38257993384785005,0.40683572216097025,0.5314222712238148,0.12607007632966435,0.19258360979808908,0.24457702743858706,0.07175723698675318,0.07952668619444311
RepNancyMace,Nancy Mace,Q3,R,12.99,2321,0.055752768040422424,0.694799018422219,0.32701421800947866,0.35932787591555365,0.46100818612666955,0.12741516789659482,0.22713753012336138,0.18988436475404277,0.05785757812753692,0.06278003524654936
RepDanGoldman,Daniel S. Goldman,Q3,D,10.15,1005,0.07560284235584203,0.7036024032502218,0.34427860696517415,0.4019900497512438,0.43283582089552236,0.14765517050128157,0.28925554848389595,0.21200839575937255,0.03791765029606867,0.07425070765251011
CathyMcMorris,Cathy McMorris Rodgers,Q3,R,7.49,515,0.07655787439022249,0.6990286460142396,0.34368932038834954,0.3941747572815534,0.429126213592233,0.16170282226544125,0.24094941958799748,0.19468551498178832,0.0343211785880837,0.07109703307618717
RepJackBergman,Jack Bergman,Q3,R,11.07,95,0.0888452200513137,0.7748719765914815,0.3684210526315789,0.4421052631578947,0.6,0.11979819531736303,0.13662219814202547,0.24226353531427627,0.07601487214591252,0.058972053479795346
RepWalberg,Tim Walberg,Q3,R,6.6,717,0.09806998986413124,0.7879911509909748,0.3821478382147838,0.4602510460251046,0.6136680613668062,0.12483417069538774,0.22552919780974814,0.2957906085238197,0.0577232588099072,0.09210898319043012
KenCalvert,Ken Calvert,Q3,R,6.75,990,0.10050621366862095,0.6987591763364264,0.3101010101010101,0.4,0.4616161616161616,0.10469892113446018,0.19529178320019236,0.23146057908909481,0.06057601751509175,0.08544393596204106
RepMcCaul,Michael T. McCaul,Q3,R,12.08,1045,0.11743690559738561,0.7453873033169489,0.35311004784688993,0.4267942583732057,0.5282296650717704,0.13314828272762985,0.3058535031711963,0.28459502732465886,0.03524931396996045,0.09066565136389544
RepJerryNadler,Jerrold Nadler,Q3,D,6.0,1320,0.1181276843403325,0.709007881348092,0.31212121212121213,0.41893939393939394,0.49772727272727274,0.1631811268000147,0.2732228688272395,0.2550548405521443,0.04266423240147886,0.07133686560396608
RepBice,Stephanie I. Bice,Q3,R,5.49,645,0.14287158722101256,0.6940404132239236,0.2806201550387597,0.4077519379844961,0.4697674418604651,0.12126988073514929,0.2718985267965368,0.26774959683494076,0.02935886560621587,0.0853264334940084
JoaquinCastrotx,Joaquin Castro,Q3,D,11.93,1243,0.14636536164333622,0.7192392738269857,0.3008849557522124,0.43121480289621883,0.5092518101367659,0.13183003937883062,0.21796301920213249,0.3113649897614753,0.04220750850614397,0.08771385276175571
RepRussFulcher,Russ Fulcher,Q3,R,9.57,693,0.15927971032962826,0.6940590664627933,0.2828282828282828,0.42857142857142855,0.468975468975469,0.11748040255340898,0.1413100257552948,0.272899589384696,0.05164416965565786,0.07340526099862395
RepJoeWilson,Joe Wilson,Q3,R,6.42,422,0.16657690781552645,0.7738948424497403,0.33649289099526064,0.4976303317535545,0.6184834123222749,0.13775070746149534,0.23392132014906256,0.31573707019595454,0.06615622687192549,0.1138897275511325
ChelliePingree,Chellie Pingree,Q3,D,12.5,839,0.17390926880262464,0.7364092329120997,0.31227651966626935,0.4696066746126341,0.5458879618593564,0.13661000885555563,0.22066386997014562,0.2596243746715783,0.043951512114225294,0.087494484301758
RepCasar,Greg Casar,Q3,D,8.21,1393,0.18035665006836113,0.6340490443079069,0.22038765254845658,0.4113424264178033,0.38908829863603733,0.14491402415990925,0.27348864013858154,0.2258303817446627,0.022248168611332855,0.06083021353459221
RepFitzgerald,Scott Fitzgerald,Q3,R,7.33,519,0.18067827935623065,0.7051041276153179,0.28516377649325625,0.43352601156069365,0.49903660886319845,0.1316423259252908,0.1697417065737408,0.3404207863393625,0.045801690835198375,0.06179858166553966
RepMoskowitz,Jared Moskowitz,Q3,D,12.95,537,0.1871549977714567,0.7119922862011593,0.2718808193668529,0.4543761638733706,0.5288640595903166,0.07564430402546729,0.21673717617111024,0.2816895922740554,0.03718543927216341,0.08864980705235899
JanSchakowsky,Janice D. Schakowsky,Q3,D,9.9,1332,0.18836100603098627,0.7080069911321433,0.29654654654654655,0.484984984984985,0.48573573573573575,0.18583523041100058,0.2671233811445666,0.22945524859210237,0.03932967415839971,0.06417597951600848
RepMariaSalazar,Maria Elvira Salazar,Q3,R,5.84,1268,0.19031684330961304,0.5799098533637723,0.15694006309148265,0.36198738170347006,0.34069400630914826,0.13331037842556948,0.2509820927704079,0.2237215880434945,0.03232646709079094,0.05404093376959799
RepLangworthy,Nicholas A. Langworthy,Q3,R,8.22,895,0.1937000518071585,0.7524827806733874,0.30502793296089387,0.48379888268156424,0.5910614525139665,0.13434901307226418,0.15686804682280417,0.34197035316397717,0.05658110555190804,0.07520154265409809
RepBentz,Cliff Bentz,Q3,R,5.97,331,0.19437050918437923,0.6504599000165336,0.22356495468277945,0.3987915407854985,0.42900302114803623,0.11782536187963247,0.14501223495223745,0.2864305317424571,0.04701663995345591,0.04228374600766385
RepHuffman,Jared Huffman,Q3,D,6.13,768,0.21221961007298282,0.7416515529411468,0.3033854166666667,0.5078125,0.5833333333333334,0.1265802140405109,0.2754748538989891,0.2779776807495485,0.04681339955512456,0.04379626860509229
RepDesposito,Anthony D’Esposito,Q3,R,5.56,1782,0.21807044614043702,0.7568833067652562,0.3041526374859708,0.5179573512906847,0.6021324354657688,0.12704306704490773,0.30184070533598795,0.31300125126798295,0.03214486570206077,0.07665436648611888
USRepKeating,William R. Keating,Q3,D,8.05,235,0.21929718649133723,0.6548823350952659,0.23404255319148937,0.4765957446808511,0.4340425531914894,0.16767913930073497,0.2763129687697151,0.28653543722194097,0.0346267819010771,0.07972178129637808
RepAndyBarr,Andy Barr,Q3,R,6.31,713,0.23696854472327533,0.6605034765942487,0.21598877980364656,0.44460028050490885,0.46984572230014027,0.10588544162302463,0.1739531943833257,0.3304696291010205,0.0336921581275198,0.07161907169727544
RepSaraJacobs,Sara Jacobs,Q3,D,7.89,1662,0.2376289636291178,0.7310182303650434,0.2833935018050541,0.5042117930204573,0.5565583634175691,0.06956047943094741,0.13306477521416948,0.37824808450284186,0.044082336898116414,0.0753638228419683
repgreglandsman,Greg Landsman,Q3,D,9.08,1006,0.2398990707594168,0.6990783561735846,0.2544731610337972,0.5059642147117296,0.5099403578528827,0.09966519961705719,0.17105983943421188,0.25207997986717146,0.05374486903795041,0.04730296920277693
RepDeluzio,Christopher R. Deluzio,Q3,D,9.24,883,0.24222874293780947,0.6856590995015551,0.24462061155152887,0.4971687429218573,0.47678369195922987,0.12732542661277862,0.20384825819630373,0.2937735973701507,0.037108981726522786,0.07541151401757691
RepJimBaird,James R. Baird,Q3,R,11.56,621,0.24942659664653158,0.7334991157734615,0.2689210950080515,0.5040257648953301,0.5748792270531401,0.0880198780227536,0.17462722239244444,0.35912054839838126,0.028056859162894944,0.10361531643825315
RepCasten,Sean Casten,Q3,D,7.76,1302,0.24967442393394476,0.5818496289866217,0.15207373271889402,0.4324116743471582,0.34101382488479265,0.0706570511294876,0.2012389303918587,0.29526896675612385,0.027004041929855126,0.06017358967524372
RepDean,Madeleine Dean,Q3,D,7.55,667,0.27069845397969233,0.7129122717567853,0.24737631184407796,0.5142428785607196,0.5772113943028486,0.08505128170475304,0.1624399060893083,0.31901033858744554,0.04129678140391505,0.10828157301679406
RepMarkTakano,Mark Takano,Q3,D,9.77,857,0.27371642636863325,0.6707080680880878,0.2193698949824971,0.5134189031505251,0.49474912485414235,0.1083258363231364,0.15666908795413936,0.29866086020046223,0.03830751728213767,0.08309893163104179
RepJamesClyburn,James E. Clyburn,Q3,D,8.01,635,0.27988958419777277,0.692871122001969,0.2440944881889764,0.5464566929133858,0.5196850393700787,0.12760622044117736,0.22763050471814747,0.29292555176432966,0.027064578225593192,0.09361659287783042
RepBradWenstrup,Brad R. Wenstrup,Q3,R,8.2,306,0.2883259039493947,0.6543614579932183,0.19281045751633988,0.4869281045751634,0.4869281045751634,0.09061278232100896,0.14967423642719588,0.37115615329574303,0.02727905962829438,0.07949572719376395
RepMGS,Mary Gay Scanlon,Q3,D,8.46,589,0.2914754159887699,0.715881887990735,0.23769100169779286,0.5297113752122241,0.5891341256366723,0.10906607070919959,0.22585736346664892,0.36778825779816254,0.0372112581616758,0.0572105332627356
RepHankJohnson,"Henry C. ""Hank"" Johnson, Jr.",Q3,D,6.19,837,0.2920209050819438,0.6661832604753596,0.21027479091995221,0.5113500597371565,0.4910394265232975,0.12473090435538199,0.25886124217213186,0.31355630605202833,0.01775887847457715,0.07804178176362901
RepWilliams,Brandon Williams,Q3,R,13.29,657,0.2940260623688023,0.6939763612159342,0.2161339421613394,0.5266362252663622,0.5540334855403348,0.0945680090812739,0.20469215188288484,0.3396386762254264,0.023435318311529268,0.08620885469918128
RepTonyGonzales,Tony Gonzales,Q3,R,6.32,1407,0.29431711502675056,0.6818470055862863,0.21179815209665956,0.5174129353233831,0.5373134328358209,0.08205499929378755,0.26309931225101335,0.31072743554355825,0.02506125917385452,0.06828391227415112
RepBonamici,Suzanne Bonamici,Q3,D,6.38,2341,0.29601843654472876,0.6740233227967148,0.21956428876548484,0.5365228534814181,0.503630926954293,0.06984029489968982,0.13319251333988044,0.293486187398477,0.054216892327363354,0.06824072541037748
RepPeteStauber,Pete Stauber,Q3,R,10.88,798,0.29941311695223166,0.7496593379705342,0.2744360902255639,0.5614035087719298,0.6428571428571429,0.10347265482494747,0.14675158046421277,0.397756458070707,0.045286215369708185,0.07221711274787293
RepMikeLawler,Michael Lawler,Q3,R,6.39,2600,0.3011020672435944,0.6830816977637603,0.20423076923076924,0.5134615384615384,0.5423076923076923,0.08455687293682082,0.15460196726348766,0.3517993962313798,0.04901893941851221,0.062406959188407995
repdeliaramirez,Delia C. Ramirez,Q3,D,10.85,1959,0.3192151658020195,0.6854278198362815,0.20214395099540583,0.5472179683511996,0.5599795814190913,0.1109645692237311,0.20784477806736743,0.33701295149159,0.033775744780810336,0.05729504211154092
RepBrownley,Julia Brownley,Q3,D,5.51,1150,0.35696965005086817,0.6507745593658916,0.17565217391304347,0.58,0.5339130434782609,0.08005043673298681,0.23257141793121416,0.2775793995274706,0.03761131004020364,0.06965696372739642
RepDelBene,Suzan K. DelBene,Q3,D,8.12,1319,0.3707012826064213,0.6381779242574181,0.17210007581501138,0.5784685367702805,0.49962092494313876,0.09287101252977481,0.16312211120925335,0.3643515340103824,0.01380704466768601,0.09361621942363182
ZachNunn,Zachary Nunn,Q3,R,11.06,1478,0.37915838754790077,0.589636804594895,0.13870094722598106,0.5656292286874154,0.43775372124492556,0.0626191477051366,0.15430933969364014,0.27424199082297523,0.02550088753804636,0.06811259885065578
RepDeborahRoss,Deborah K. Ross,Q3,D,6.48,1263,0.39955315005656566,0.6983795715188698,0.20981789390340458,0.6239113222486145,0.6278701504354711,0.08546916208838669,0.19324907293356655,0.41022824739088115,0.02466807224321737,0.08122974284251695
RepBillFoster,Bill Foster,Q3,D,7.66,1039,0.4027198966416863,0.6719892679043297,0.1809432146294514,0.6111645813282002,0.6005774783445621,0.0772372833393174,0.17727127431836842,0.3994615749882098,0.028896959719506444,0.06731273459645497
RepMikeLevin,Mike Levin,Q3,D,9.68,1505,0.40825350484578715,0.6394316918236915,0.15946843853820597,0.6026578073089701,0.5541528239202658,0.08496475772993275,0.22925828019206554,0.38731636301453065,0.021383554611903836,0.06583128522171099
reppettersen,Brittany Pettersen,Q3,D,8.19,825,0.41294079144795737,0.6434850899658154,0.15636363636363637,0.6060606060606061,0.576969696969697,0.06281911252108821,0.19763190643837192,0.38700180725303873,0.01244502754814946,0.07798300675934909
DrNealDunnFL2,Neal P. Dunn,Q3,R,8.64,803,0.4158572437308942,0.6871490893558111,0.18804483188044832,0.6201743462017435,0.6301369863013698,0.10052118909584093,0.3109534595547021,0.37865894815781886,0.014816208515654135,0.06010722791435944
repvalhoyle,Val T. Hoyle,Q3,D,9.18,596,0.4158815851047535,0.5682711210766329,0.1040268456375839,0.5704697986577181,0.4697986577181208,0.08567237751906101,0.1852038717158619,0.2917696735309417,0.01870769136303042,0.04291936072119313
RepDinaTitus,Dina Titus,Q3,D,6.9,2199,0.4190144045020082,0.6597179070307798,0.18144611186903137,0.6352887676216462,0.5911778080945884,0.09393616698103881,0.27191895442037417,0.3661985197662105,0.026850250120356044,0.053633093606413135
USRepKCastor,Kathy Castor,Q3,D,6.89,1822,0.4334567436369792,0.6085414660820986,0.13172338090010977,0.6136114160263447,0.5439077936333699,0.09503072802701057,0.26648996473914205,0.3162195802164102,0.017421356330871784,0.05554835058130349
RepAngieCraig,Angie Craig,Q3,D,11.82,1958,0.43922103790754685,0.5869394080007039,0.12308478038815117,0.6133810010214504,0.5045965270684372,0.07384545254269924,0.14849168366698873,0.3568596977394372,0.01352014218270078,0.0669519378881201
RepDeSaulnier,Mark DeSaulnier,Q3,D,5.55,1237,0.43993033881908283,0.5540014687415232,0.08730800323362975,0.5796281325788197,0.46806790622473726,0.06307602284878763,0.19923744394306334,0.4102400667335244,0.011803576269937707,0.05935963801352608
RepHaleyStevens,Haley M. Stevens,Q3,D,5.42,1666,0.4463261429215966,0.6467328433484242,0.15906362545018007,0.6398559423769508,0.6002400960384153,0.08877497185621878,0.19494701735083123,0.38275307484172644,0.020372354411977364,0.07984525256359493
RepBera,Ami Bera,Q3,D,5.62,745,0.4486784030927108,0.6051957910445316,0.13020134228187918,0.6228187919463087,0.5395973154362416,0.0748819602100997,0.25333072545632696,0.376703435097096,0.018763016046422495,0.05885752859265982
RepMcGarvey,Morgan McGarvey,Q3,D,6.58,400,0.48588874749839306,0.6182809963099082,0.1275,0.6475,0.5975,0.05411287362760045,0.1510678425795049,0.3912450873410853,0.0146194733731681,0.0934484275456634
RepMMM,Mariannette Miller-Meeks,Q3,R,6.34,1483,0.48787590182076734,0.6296044519545572,0.13486176668914363,0.6547538772757923,0.6351989211058665,0.06528954006874689,0.13754418459557233,0.45684154041856667,0.031956820638689515,0.0545156549423947
RepCartwright,Matt Cartwright,Q3,D,6.81,4,0.4883887320756912,0.5639464310976242,0.0,0.5,0.5,0.05698505812324578,0.15567434951663014,0.10703015432227399,0.044574445433681775,0.02778028883039947
repsalinas,Andrea Salinas,Q3,D,12.63,1232,0.4905006198285075,0.5513119315170009,0.08847402597402597,0.6339285714285714,0.5081168831168831,0.05677699736151658,0.22466122209582612,0.3689149367598368,0.012249553363892376,0.061894679466190976
RepSusieLee,Susie Lee,Q3,D,7.55,1076,0.49744205473191677,0.6328669698959368,0.15613382899628253,0.6914498141263941,0.6282527881040892,0.07009119541575452,0.18528842509443005,0.40383990668782793,0.017734800297922675,0.06693076768428685
RepKimSchrier,Kim Schrier,Q3,D,8.78,813,0.5099287460870848,0.5496610100124941,0.07626076260762607,0.6285362853628537,0.5498154981549815,0.03928649621987871,0.1286733506905298,0.4629380849441287,0.00846288659088486,0.05374150099165488
RepAnnieKuster,Ann M. Kuster,Q3,D,6.79,1244,0.5124818271091897,0.5847680382888271,0.11816720257234727,0.6792604501607717,0.5836012861736335,0.06583476428445416,0.19160776416809666,0.42055154906351766,0.019523587479466652,0.08351312516774854
RepHoulahan,Chrissy Houlahan,Q3,D,6.18,1298,0.5136552725348892,0.5788172454777173,0.10477657935285054,0.662557781201849,0.5839753466872111,0.057044910345338054,0.12862931300513497,0.4636638950070989,0.016007286069409883,0.06740005715821545
RepPatRyanNY,Patrick Ryan,Q3,D,9.55,1089,0.5151524419517447,0.6178339809552129,0.13682277318640956,0.7070707070707071,0.6198347107438017,0.07196584614925938,0.13326522299117183,0.43341993330451367,0.01934701444161987,0.07479232232459655
RepMarcyKaptur,Marcy Kaptur,Q3,D,11.42,1156,0.5183674378584825,0.5832735694411575,0.10726643598615918,0.6747404844290658,0.6003460207612457,0.07534720360101631,0.1792774563706113,0.4106379918455308,0.01919246794204805,0.05907076219206342
RepJillTokuda,Jill N. Tokuda,Q3,D,6.78,396,0.5225010022822053,0.5315017533611495,0.06818181818181818,0.6439393939393939,0.5454545454545454,0.046536783612217955,0.20273572763644457,0.45812083340856724,0.005951391424318709,0.07310908688764399
RepScholten,Hillary J. Scholten,Q3,D,10.06,1924,0.5258494459727697,0.6000875773419503,0.11798336798336799,0.6813929313929314,0.6174636174636174,0.05676585971967728,0.15143178574339844,0.414464014925985,0.017647425591443514,0.07031427423222003
RepPaulTonko,Paul Tonko,Q3,D,9.19,984,0.5463203033962385,0.5781138538950774,0.10873983739837398,0.7032520325203252,0.6128048780487805,0.05029013401520391,0.1465376961901282,0.4410657106842055,0.020876197538311225,0.060967761992509494
RepCiscomani,Juan Ciscomani,Q3,R,6.96,1195,0.5519519646796223,0.5825812007270598,0.100418410041841,0.6970711297071129,0.6560669456066945,0.05448653263957566,0.18735157662584193,0.4655830938117452,0.015808527945250003,0.06557674853644567
RepJoeCourtney,Joe Courtney,Q3,D,12.67,1188,0.5640521915723579,0.5052326421926312,0.06818181818181818,0.7163299663299664,0.5328282828282829,0.04335399444295545,0.11462392590845726,0.3770974360598268,0.019105553890491973,0.0642320310939197
RepRaulRuizMD,Raul Ruiz,Q3,D,6.61,692,0.5657165704262739,0.5478041592762862,0.07947976878612717,0.7138728323699421,0.6069364161849711,0.05263189930701624,0.23713635087518015,0.4221081074470731,0.012404815507753209,0.0655017101525186
RepFinstad,Brad Finstad,Q3,R,8.76,494,0.5742593604905403,0.6034648746000213,0.12348178137651822,0.7327935222672065,0.7044534412955465,0.0687534174236642,0.1881720091303813,0.5378720316361223,0.008174689721780534,0.048777940180878436
RepLCD,Lori Chavez-DeRemer,Q3,R,11.54,677,0.5793079918737426,0.5604024340677028,0.09748892171344166,0.7223042836041359,0.6410635155096012,0.053570568373604216,0.19978319832535307,0.4902870480521951,0.013576984398338297,0.05344184274271751
RepZoeLofgren,Zoe Lofgren,Q3,D,10.88,206,0.580201198030444,0.5407667505143182,0.0825242718446602,0.7184466019417476,0.6213592233009708,0.054322455879425115,0.16131429426195165,0.4981202133439563,0.007192226172211749,0.08610647565569925
RepChrisPappas,Chris Pappas,Q3,D,6.37,1213,0.5814245870706962,0.5202943695493526,0.0741962077493817,0.731244847485573,0.5828524319868096,0.05828780632908317,0.15647150812330743,0.41830386461454255,0.0169950209360713,0.04882172073382705
RepDerekKilmer,Derek Kilmer,Q3,D,8.71,1533,0.6070429655126085,0.5248645188101345,0.08284409654272668,0.7573385518590998,0.6157860404435747,0.05271127671583515,0.17597268564087856,0.4330508129331235,0.016497170139481196,0.054505505222725084
RepEricSorensen,Eric Sorensen,Q3,D,9.59,619,0.6188929825299005,0.514349452458611,0.08562197092084006,0.7819063004846527,0.6106623586429726,0.05627835561541658,0.19340133044946,0.42800925598406087,0.010203686864784779,0.06191250074063145
RepDonDavis,Donald G. Davis,Q3,D,10.13,1678,0.629341638965601,0.486425805520441,0.05065554231227652,0.7359952324195471,0.632300357568534,0.03204521903559628,0.11121740358306094,0.44680813194421276,0.011731163137705412,0.04792736807831972
RepJoeNeguse,Joe Neguse,Q3,D,8.75,675,0.65996951452008,0.5182791377976202,0.08,0.8014814814814815,0.6933333333333334,0.055516784463629634,0.19337956368599807,0.47495664363774404,0.009063003377631017,0.06118920131388151
RepGabeAmo,Gabe Amo,Q3,D,5.44,913,0.6897291372992254,0.48717066801813347,0.056955093099671415,0.7929901423877328,0.7130339539978094,0.04733014184199187,0.14487951374091235,0.5771954678165928,0.00874175595952604,0.05264848360737224
RepMrvan,Frank J. Mrvan,Q3,D,9.4,394,0.7859470599950268,0.37779070552278043,0.017766497461928935,0.8629441624365483,0.7817258883248731,0.030782557046882934,0.07901117414798049,0.6012983215364999,0.011715572662254082,0.02089552141059431
repdarrellissa,Darrell Issa,Q4 (highest),R,15.64,935,-0.4085166876010079,0.5580714064548393,0.6363636363636364,0.10695187165775401,0.4160427807486631,0.13823533090706763,0.09729458364287018,0.05192839799219748,0.15941559244070994,0.06926734634117283
RepTiffany,Thomas P. Tiffany,Q4 (highest),R,14.33,1176,-0.37346757444090584,0.6055381407918539,0.6224489795918368,0.14030612244897958,0.46598639455782315,0.1996160634211957,0.1947793851929115,0.0801940402870102,0.09951252649428778,0.06819139799796282
Congressman_JVD,Jefferson Van Drew,Q4 (highest),R,29.25,486,-0.3371069202575173,0.6879000619806173,0.6378600823045267,0.20164609053497942,0.5802469135802469,0.19634119612610332,0.18537177377299704,0.12647234566083101,0.11804042201955825,0.08128469320849623
RepAndyBiggsAZ,Andy Biggs,Q4 (highest),R,43.25,2768,-0.33677568580589196,0.6221494199214108,0.5867052023121387,0.15715317919075145,0.4638728323699422,0.19549869051767707,0.15036933889725349,0.09172334330037692,0.1169955598283973,0.06621186811688239
RepScottPerry,Scott Perry,Q4 (highest),R,26.89,691,-0.3168533321054903,0.6469316086856559,0.5803183791606368,0.17510853835021709,0.4934876989869754,0.17264855417268624,0.17100736067952804,0.09467604642601844,0.1128154710715558,0.07006574193662292
GReschenthaler,Guy Reschenthaler,Q4 (highest),R,31.9,991,-0.3094969763224108,0.6838728743415194,0.6014127144298688,0.20686175580222,0.5388496468213926,0.15753390792441033,0.14180782420972338,0.10251030336926131,0.12747833030482486,0.0983380168474558
RepBobGood,Bob Good,Q4 (highest),R,19.77,1861,-0.3031856592210117,0.6606252393777122,0.5878559914024718,0.19881783987103707,0.49435787211176785,0.20594020729548831,0.15033078066449063,0.11054037905617263,0.11717750208033782,0.06203715372268879
RepEricBurlison,Eric Burlison,Q4 (highest),R,15.51,1460,-0.30244449183140715,0.6526902532657847,0.5705479452054795,0.1815068493150685,0.48835616438356166,0.19371670933260118,0.1228577529969872,0.1210406917972013,0.11657667538818536,0.06608217348267274
RepChipRoy,Chip Roy,Q4 (highest),R,29.22,2804,-0.2782236972183372,0.5385040540246028,0.4753922967189729,0.11162624821683309,0.3124108416547789,0.19962629174870336,0.29943639160982805,0.06752215863615932,0.05575111819981009,0.040106009601632096
FmrRepMTG,Marjorie Taylor Greene,Q4 (highest),R,72.66,361,-0.253825468617463,0.6607592621060432,0.5318559556786704,0.1994459833795014,0.46814404432132967,0.21619495653052012,0.14841238637854678,0.12152795571852548,0.1059140141700572,0.05453683278191871
RepMaryMiller,Mary E. Miller,Q4 (highest),R,49.3,996,-0.2443861607985803,0.7155332900281577,0.5692771084337349,0.24096385542168675,0.5512048192771084,0.2721177783876402,0.16456800641309785,0.1626518068443406,0.08807052447497171,0.06003052791005256
RepBrianMast,Brian J. Mast,Q4 (highest),R,34.39,2301,-0.23557297649045758,0.6791890353347746,0.5297696653628857,0.21816601477618427,0.4915254237288136,0.1654403390279531,0.1732412544454654,0.12037001782021432,0.10541636584835616,0.06752732989297522
RepMcClintock,Tom McClintock,Q4 (highest),R,15.82,182,-0.20875996154743237,0.6269307935208609,0.4835164835164835,0.19230769230769232,0.36813186813186816,0.15586666966939422,0.17846915673158784,0.11648795650894544,0.0787729305747044,0.08291719515442045
RepLisaMcClain,Lisa C. McClain,Q4 (highest),R,20.9,1419,-0.19515798802187612,0.7453933918835475,0.5489781536293165,0.28400281888653983,0.5687103594080338,0.1671677880840562,0.21132680795469594,0.1652634241348918,0.10250362773561895,0.06745614844569281
RepGosar,Paul A. Gosar,Q4 (highest),R,16.47,782,-0.17407851450888398,0.6499449578496441,0.4514066496163683,0.22634271099744246,0.41304347826086957,0.17299484177042973,0.14087965878040337,0.11305485625711564,0.09639606209635723,0.07019001383857221
Jim_Jordan,Jim Jordan,Q4 (highest),R,55.76,317,-0.1624192111311651,0.5192454033485692,0.334384858044164,0.11356466876971609,0.2555205047318612,0.1110015244741721,0.0956075780515262,0.03753047761437921,0.06121415872715684,0.0697445164266415
RepJeffries,Hakeem S. Jeffries,Q4 (highest),D,38.1,809,-0.14505232154070521,0.6894599472812255,0.4783683559950556,0.2867737948084054,0.44499381953028433,0.19861685774642776,0.12721059116057423,0.07314025433680812,0.07713033418691015,0.06139770950557952
RepJamesComer,James Comer,Q4 (highest),R,47.54,963,-0.1330703462271923,0.5276920555629853,0.34787123572170303,0.14330218068535824,0.2222222222222222,0.30082346101516083,0.3271642098119465,0.10476164657853226,0.012860462749552737,0.06039600483183421
RepDanCrenshaw,Dan Crenshaw,Q4 (highest),R,29.82,648,-0.12292283842409099,0.6055127483448698,0.37962962962962965,0.21296296296296297,0.3148148148148148,0.13399945345763284,0.14303220716159734,0.10228020743742497,0.10242074655769008,0.05720135560158613
RepThomasMassie,Thomas Massie,Q4 (highest),R,19.43,3329,-0.11921444494969925,0.5350233357434582,0.3406428356863923,0.15890657855211776,0.2270952237909282,0.15314857954185673,0.08685947407361921,0.13089288593553558,0.04224746420234335,0.10358423577176337
RepClayHiggins,Clay Higgins,Q4 (highest),R,15.52,605,-0.1026546003897328,0.6443239727826391,0.3851239669421488,0.24958677685950414,0.371900826446281,0.1493364932480237,0.1295934033040861,0.11975798525862884,0.10715443697452064,0.06519724226379685
RepEliCrane,Elijah Crane,Q4 (highest),R,54.97,270,-0.09784887852492156,0.7349314488928793,0.46296296296296297,0.32222222222222224,0.5148148148148148,0.1587994852228331,0.19519760621360208,0.18530887290997064,0.10840512620488876,0.0518911817076581
RepDonaldsPress,Byron Donalds,Q4 (highest),R,39.87,2632,-0.08447831578122446,0.6921002893497735,0.42021276595744683,0.28799392097264437,0.46580547112462006,0.1983645475286591,0.16702456343319044,0.1904761812632063,0.04866019775207466,0.0704507785807917
RepJeffDuncan,Jeff Duncan,Q4 (highest),R,18.73,1596,-0.08185470774583052,0.689931659240069,0.424812030075188,0.29385964912280704,0.43796992481203006,0.17863164036415827,0.20692916979338827,0.17721690091979264,0.05676350386279964,0.07506497245895226
RepWPH,Wesley Hunt,Q4 (highest),R,26.06,733,-0.07991487914022938,0.7009671789334542,0.4106412005457026,0.29195088676671216,0.4733969986357435,0.08875324924822352,0.15914089927284011,0.17430702090750305,0.08244089818597938,0.07088390994195391
RepGregSteube,W. Gregory Steube,Q4 (highest),R,15.6,1267,-0.07283295275850755,0.7176261514164208,0.4340962904498816,0.30623520126282555,0.49171270718232046,0.1566693741561651,0.18031982682646602,0.19663772069366317,0.07134124558135205,0.07480239166759448
RepHageman,Harriet M. Hageman,Q4 (highest),R,44.4,391,-0.06555316652483342,0.7311090916855059,0.4424552429667519,0.319693094629156,0.5089514066496164,0.16535148773651417,0.097811146983323,0.20890644375714792,0.08967957689213656,0.06830068144624539
RepAOC,Alexandria Ocasio-Cortez,Q4 (highest),D,69.94,191,-0.06514933346453762,0.6619124559118618,0.387434554973822,0.2617801047120419,0.39790575916230364,0.1521372861985887,0.17466335726934798,0.156387953839511,0.08883865499769636,0.06730670844758149
SpeakerJohnson,Mike Johnson,Q4 (highest),R,27.47,1436,-0.05255151064781093,0.7486599669223041,0.43802228412256267,0.3412256267409471,0.5466573816155988,0.15817893323532956,0.18921977242201218,0.19322477448341308,0.09216005617858787,0.07920279234774538
RepStefanik,Elise M. Stefanik,Q4 (highest),R,17.07,3032,-0.03629315352573558,0.7223219214858421,0.3967678100263852,0.32849604221635886,0.5052770448548812,0.17923494960762107,0.30935356910312456,0.1799812285307084,0.06291094134762003,0.058781063553929654
RepTenney,Claudia Tenney,Q4 (highest),R,19.71,2656,-0.029379646596779305,0.7445489136531184,0.4269578313253012,0.3557981927710843,0.5293674698795181,0.19957770304142053,0.22949055593224063,0.22947430637299449,0.053892081335189065,0.07031652675781161
RepTimBurchett,Tim Burchett,Q4 (highest),R,23.35,1012,-0.004957813430916179,0.6932065343800754,0.35968379446640314,0.31719367588932806,0.44960474308300397,0.12746126153394752,0.11708389523196612,0.21149616605785568,0.06856221763021458,0.0943203491722224
RepRaulGrijalva,Raúl M. Grijalva,Q4 (highest),D,30.0,572,-0.004622969229321381,0.7056191829417127,0.3723776223776224,0.34965034965034963,0.47202797202797203,0.16776262466574715,0.26851422836910643,0.1810928191580069,0.06384201893967391,0.08732841463042727
RepMikeCollins,Mike Collins,Q4 (highest),R,40.85,2482,0.032215869265828374,0.6280420646883292,0.29331184528605964,0.2945205479452055,0.3525382755842063,0.1011517563468983,0.1841063464049778,0.16248431453371978,0.05097147259708742,0.07545550273002742
RepKatiePorter,Katie Porter,Q4 (highest),D,33.94,806,0.036669081035382106,0.703185501075104,0.38213399503722084,0.37220843672456577,0.40074441687344914,0.19657085941595753,0.23178167280687012,0.21402741752682042,0.05413204078857491,0.06621256943072232
RepBoebert,Lauren Boebert,Q4 (highest),R,46.06,929,0.040531192772868374,0.7467009230978724,0.3907427341227126,0.3982777179763186,0.5296017222820237,0.1679556550589902,0.11514121954741209,0.22475381575389342,0.07130778378305001,0.06867765090462123
RepHarshbarger,Diana Harshbarger,Q4 (highest),R,17.33,1052,0.05172970060953169,0.744273784669991,0.36977186311787075,0.39923954372623577,0.5370722433460076,0.1505676902955758,0.1717354812496762,0.23438083795439307,0.062117766797992476,0.07334309954603664
RepBeccaB,Becca Balint,Q4 (highest),D,15.6,1039,0.05852984903062962,0.7386340672229716,0.3666987487969201,0.4138594802694899,0.5129932627526468,0.11386082793189983,0.17158614272290154,0.19102343580722753,0.0781737294924855,0.07392471602443813
RepJayapal,Pramila Jayapal,Q4 (highest),D,26.43,3069,0.07060185724456056,0.7766031130133944,0.3913326816552623,0.43857934180514824,0.592375366568915,0.1626244485954462,0.16902686366256436,0.24827566326056494,0.0888797460322066,0.06947255077235925
RepMarkPocan,Mark Pocan,Q4 (highest),D,17.79,1445,0.07251552330993863,0.7164464445313541,0.35155709342560554,0.3986159169550173,0.4698961937716263,0.16075442424277644,0.17497898180675803,0.22011370634455488,0.06606803050995429,0.059002357954964973
RepRashida,Rashida Tlaib,Q4 (highest),D,31.82,1028,0.07308035828028207,0.7510154128840507,0.36770428015564205,0.4173151750972763,0.5496108949416343,0.16715022700407053,0.1777407802206929,0.24846988402847547,0.0947076685387107,0.07228803851178314
MichaelCBurgess,Michael C. Burgess,Q4 (highest),R,50.35,1449,0.07636518631415831,0.6962036137819103,0.3222912353347136,0.3837129054520359,0.45065562456866803,0.1301370608260253,0.2911305308529256,0.22070611485092415,0.03374436532392949,0.087793431832009
RepRudyYakym,Rudy Yakym III,Q4 (highest),R,35.33,1038,0.07794636780816007,0.7835890356137056,0.3882466281310212,0.43545279383429675,0.603082851637765,0.12844860526482546,0.1477037739874041,0.30270488635477155,0.09659780090800814,0.06154053308372964
RepSummerLee,Summer L. Lee,Q4 (highest),D,20.1,1279,0.09267577631479133,0.7353718121002145,0.35105551211884284,0.42298670836591085,0.5144644253322909,0.1619312924707375,0.18927456554148922,0.2502982341656184,0.059938436115535634,0.07756057959879133
RepAlexMooney,Alexander X. Mooney,Q4 (highest),R,17.53,688,0.0935176775985679,0.7318788925410662,0.35174418604651164,0.4069767441860465,0.5058139534883721,0.1652833423117425,0.20667949610567096,0.2810837019735413,0.05111680383759995,0.06893264037818538
RepJasmine,Jasmine Crockett,Q4 (highest),D,45.11,1157,0.09437021613121033,0.6874423489086302,0.3076923076923077,0.3828867761452031,0.44511668107173724,0.1256420421453821,0.21499842854277867,0.215090295418592,0.03878699889220262,0.10026539346487351
RepLuttrell,Morgan Luttrell,Q4 (highest),R,41.55,1364,0.10513685597789602,0.706764552117381,0.30425219941348974,0.39956011730205276,0.48607038123167157,0.1031412616464455,0.2612280483763483,0.2374632858927165,0.04318861771977326,0.07802013755795444
RepRobertGarcia,Robert Garcia,Q4 (highest),D,22.07,1773,0.10661005407353276,0.786088677862931,0.3767625493513818,0.4500846023688663,0.6175972927241963,0.14939459564508467,0.1504504655921881,0.3058354794412679,0.08653044829326981,0.05679993353960311
RepVanOrden,Derrick Van Orden,Q4 (highest),R,29.64,656,0.12234677056350358,0.620094413928534,0.2225609756097561,0.36128048780487804,0.3521341463414634,0.09453863706682852,0.21137556821725784,0.22589936169491162,0.04482363557912229,0.06697885621507313
RepMillsPress,Cory Mills,Q4 (highest),R,34.6,459,0.12479540218714795,0.7395676742329912,0.3289760348583878,0.42919389978213507,0.5490196078431373,0.09916221643181732,0.15538015528957402,0.26876538339342865,0.05710712760485996,0.08362987305862979
RepJohnRose,John W. Rose,Q4 (highest),R,17.87,812,0.14811794830513705,0.7050657742254729,0.3091133004926108,0.4421182266009852,0.46798029556650245,0.14148825903929504,0.206293807617329,0.26152952239008387,0.04413908728552284,0.08359996990288955
RepBarbaraLee,Barbara Lee,Q4 (highest),D,23.25,1123,0.15613843568286404,0.7543065283290868,0.3321460373998219,0.48619768477292963,0.5645592163846839,0.1359329137272443,0.265434247429772,0.2421576505181334,0.03861452180584134,0.13698454127629978
RepFeenstra,Randy Feenstra,Q4 (highest),R,13.8,3145,0.1702499767555152,0.6974695633041293,0.2880763116057234,0.4737678855325914,0.4664546899841017,0.19689038019401162,0.3194555628164715,0.25497719072519326,0.028982583896714265,0.06026303111571838
RepPressley,Ayanna Pressley,Q4 (highest),D,27.96,1439,0.1716702460538521,0.7151324606454196,0.2925642807505212,0.4739402362751911,0.5010423905489924,0.19077663285743676,0.3318310948145597,0.2620975132872638,0.027272810568677665,0.06849343647820032
RepAnnWagner,Ann Wagner,Q4 (highest),R,18.29,873,0.17570092690359687,0.6703313539921503,0.24742268041237114,0.4215349369988545,0.43871706758304696,0.10390452177699581,0.17443310102113954,0.2668901602111856,0.06218490412799884,0.07087311726326186
RepRyanZinke,Ryan K. Zinke,Q4 (highest),R,37.36,657,0.17734745630209123,0.6903602025078095,0.2694063926940639,0.4337899543378995,0.4657534246575342,0.08905314294393829,0.10764579000639869,0.26920327739079536,0.05464771072368457,0.060486174636673495
RepGolden,Jared F. Golden,Q4 (highest),D,14.57,320,0.17832721583545208,0.6557033881234193,0.253125,0.425,0.409375,0.09988008798372898,0.12877607779382738,0.2627050081018751,0.04401420094850432,0.07211716039091694
RepSpartz,Victoria Spartz,Q4 (highest),R,50.38,620,0.1792588982370592,0.6083393090224747,0.19516129032258064,0.36451612903225805,0.3725806451612903,0.11318507405531197,0.27067587578438235,0.2790247711409803,0.020286248856615563,0.07965865230296673
RepMcGovern,James P. McGovern,Q4 (highest),D,15.57,1955,0.1814254412413253,0.7595342821325481,0.3278772378516624,0.4966751918158568,0.5877237851662405,0.15482210182442502,0.17026074815795622,0.2916525265336652,0.06640292001075179,0.0636736422160859
RepBowman,Jamaal Bowman,Q4 (highest),D,29.02,1608,0.19584659640839444,0.7316110410205164,0.2947761194029851,0.4931592039800995,0.5416666666666666,0.13646552704460133,0.1497165201319999,0.25172757588976913,0.060811068039773916,0.0691561059250475
GerryConnolly,Gerald E. Connolly,Q4 (highest),D,14.14,1055,0.19989772809060263,0.7657596382861749,0.32606635071090045,0.5042654028436019,0.5895734597156398,0.09879406517822847,0.1392714103054855,0.3315404522620302,0.07073443261218215,0.0747910913369084
Ilhan,Ilhan Omar,Q4 (highest),D,47.67,927,0.2001198375559419,0.7185999779999506,0.2750809061488673,0.47249190938511326,0.5490830636461704,0.12967682381031453,0.16914006532606277,0.26552542569908183,0.06979310094551121,0.06819517939634558
RepRonnyJackson,Ronny Jackson,Q4 (highest),R,49.22,653,0.20679119735910553,0.7647851747434771,0.3001531393568147,0.5206738131699847,0.6217457886676876,0.1789184137068155,0.17319403806014305,0.2779804866022543,0.05103632588949261,0.05546137291683482
RepRaskin,Jamie Raskin,Q4 (highest),D,36.23,914,0.2112845632714307,0.7506025645093964,0.3238512035010941,0.5153172866520788,0.5667396061269147,0.12266084860996425,0.20680346029819646,0.28932742551759444,0.05783504360549415,0.09067226097604696
RepJames,John James,Q4 (highest),R,25.76,1055,0.22268849746875855,0.7387279697884364,0.28720379146919434,0.5127962085308057,0.5734597156398105,0.11304022483163513,0.18346132992996314,0.3000897096537585,0.044175978289225745,0.08769206650349885
RepJasonCrow,Jason Crow,Q4 (highest),D,28.16,1375,0.2231900328722867,0.685687270766728,0.24727272727272728,0.47854545454545455,0.4850909090909091,0.0967112387037751,0.23254835037525146,0.2844590704006523,0.03945082805406255,0.08899630625203078
RepMoulton,Seth Moulton,Q4 (highest),D,15.05,967,0.22958837602106466,0.6277057053783702,0.20062047569803515,0.4581178903826267,0.4043433298862461,0.1017116532842084,0.22184261739358854,0.2339164897201283,0.018740200337502604,0.07274653680769207
RepAshleyHinson,Ashley Hinson,Q4 (highest),R,15.97,2503,0.23194653453038208,0.7350405542118666,0.2912504994007191,0.5109868158210148,0.5625249700359568,0.1337423951134734,0.14740555802090366,0.35726140290073277,0.04403727233063933,0.06471701951479238
RepBurgessOwens,Burgess Owens,Q4 (highest),R,19.7,1877,0.23309997284609266,0.7256391933849212,0.2717101758124667,0.4981353223228556,0.5615343633457646,0.1211552572238842,0.20447273209947692,0.33275459246186107,0.0470002450500955,0.046239525137872765
RepMaxwellFrost,Maxwell Frost,Q4 (highest),D,48.98,545,0.2516797295950968,0.6492051081531156,0.2,0.46972477064220186,0.45688073394495415,0.07548412396273478,0.1764689402112207,0.2544265190818146,0.03198775402590662,0.09753311837557699
Rep_Stansbury,Melanie A. Stansbury,Q4 (highest),D,15.58,1893,0.29249266814883274,0.7161638406237132,0.2519809825673534,0.5525620707871104,0.566296883254094,0.13018614990054686,0.16363209178933832,0.2885990631802439,0.03659239404097321,0.07969122787745521
RepKiley,Kevin Kiley,Q4 (highest),R,17.58,322,0.29668680453522606,0.6841975056220482,0.21428571428571427,0.5217391304347826,0.546583850931677,0.08175465327659358,0.18214424587829578,0.3360000467697058,0.03430427022877373,0.08407732302822625
RepJoshHarder,Josh Harder,Q4 (highest),D,15.08,838,0.3109053551866217,0.7174089905538865,0.2398568019093079,0.5525059665871122,0.5930787589498807,0.055577370914175445,0.09853460268446865,0.3336752679718265,0.03303592441065776,0.06983344066980611
RepSpanberger,Abigail Davis Spanberger,Q4 (highest),D,20.83,2691,0.3295451883754071,0.6470672333881762,0.18431809736157562,0.5332590115198811,0.4830917874396135,0.08413728936885098,0.1989188034260344,0.3386046471752036,0.02287678203921833,0.0667436542720556
RepKatCammack,Kat Cammack,Q4 (highest),R,16.45,1714,0.3525038848575661,0.5923548716860544,0.1266044340723454,0.5163360560093349,0.43348891481913654,0.07448789213366054,0.20479510039657017,0.344486631989879,0.017599660820038516,0.06079555196199771
RepFischbach,Michelle Fischbach,Q4 (highest),R,14.02,820,0.3724608086594721,0.6959237050867041,0.2121951219512195,0.5890243902439024,0.6036585365853658,0.09014964664032643,0.17878727916881534,0.4140355763047942,0.023131769533228597,0.06426899961498278
reptomsuozzi,Thomas R. Suozzi,Q4 (highest),D,13.52,478,0.37861476838588715,0.5899119565806292,0.11715481171548117,0.5397489539748954,0.4686192468619247,0.06468193365526907,0.13444022464116098,0.36458967965878997,0.030839439424324176,0.06698706400861752
RepMcClellan,Jennifer L. McClellan,Q4 (highest),D,23.31,2261,0.3818124594123213,0.6352703817974121,0.15568332596196374,0.5674480318443167,0.5241043785935426,0.08555987167216102,0.23661807286813355,0.38578492555095006,0.014879932114997284,0.0634100944131665
YadiraCaraveo,Yadira Caraveo,Q4 (highest),D,16.09,192,0.38363663479685783,0.6429182179719188,0.171875,0.59375,0.5,0.09912423188961834,0.27414566577347915,0.3302106695282418,0.022441653509910443,0.06478638442664907
RepWexton,Jennifer Wexton,Q4 (highest),D,19.65,723,0.41084470104214893,0.6702032741989572,0.1825726141078838,0.6182572614107884,0.607192254495159,0.085833938415568,0.2567708027591113,0.3715098954733644,0.019570591639066975,0.06367346581500238
RepMonicaDLC,Monica De La Cruz,Q4 (highest),R,35.28,634,0.4404912728240437,0.6136770407152381,0.12302839116719243,0.5977917981072555,0.556782334384858,0.05920259278237871,0.10530651462687049,0.43329055437653646,0.031760039597119656,0.05894109563390083
RepGabeVasquez,Gabe Vasquez,Q4 (highest),D,13.89,483,0.4434095157105977,0.6153513281121901,0.14699792960662525,0.6211180124223602,0.5445134575569358,0.0688134596422054,0.15128439896158904,0.4012737532543244,0.018419818641816934,0.0915478939554696
SpeakerPelosi,Nancy Pelosi,Q4 (highest),D,53.39,781,0.4500332987567985,0.6468611770932441,0.16005121638924455,0.6530089628681178,0.6261203585147247,0.08845732955314381,0.20642370815073147,0.34356303610028066,0.028889541007677,0.09978912571932826
ValerieFoushee,Valerie P. Foushee,Q4 (highest),D,16.04,554,0.4510863771399866,0.6492007531911608,0.16606498194945848,0.6407942238267148,0.5974729241877257,0.07766435590836582,0.27746736075865086,0.43244730214447974,0.007729066378622483,0.06400894550505738
RepYoungKim,Young Kim,Q4 (highest),R,25.07,2994,0.45529288814994756,0.6421126631428781,0.1599866399465598,0.6399465597862392,0.5985303941215765,0.09196699041274106,0.22896603690450795,0.4269109316352557,0.014178913147591891,0.07708981319665954
Rep_Peltola,Mary Sattler Peltola,Q4 (highest),D,33.27,652,0.45880102279361773,0.5667208252799542,0.11042944785276074,0.6150306748466258,0.49233128834355827,0.036513611359612404,0.0948150402141743,0.34719320017533933,0.01914968038458291,0.05915781320411953
RepEmiliaSykes,Emilia Strong Sykes,Q4 (highest),D,13.58,840,0.46876913344576243,0.5076717015053339,0.06666666666666667,0.6178571428571429,0.42857142857142855,0.05052558570383722,0.24772045560592748,0.3409068537364614,0.010887001411884645,0.06501237635578334
RepJahanaHayes,Jahana Hayes,Q4 (highest),D,16.25,1742,0.4767282179008258,0.5367840910545542,0.07233065442020666,0.6073478760045924,0.4890929965556831,0.04893435565395229,0.20812891880111112,0.3774294907018453,0.009752747629141308,0.06707583982356441
RepJenKiggans,Jennifer A. Kiggans,Q4 (highest),R,17.64,902,0.4767884796778537,0.6189664273394789,0.12749445676274945,0.6308203991130821,0.5931263858093127,0.05446307143660313,0.17843335734215277,0.44726074133886906,0.020175505434475202,0.07499954032741622
RepLucyMcBath,Lucy McBath,Q4 (highest),D,15.18,497,0.49753940417253273,0.6569097194189152,0.1710261569416499,0.704225352112676,0.6639839034205232,0.058371057428566644,0.214225129142026,0.38695363693813684,0.012125207207656802,0.13771513457643333
RepSusanWild,Susan Wild,Q4 (highest),D,15.52,1475,0.5010521171254627,0.6218305269943141,0.14372881355932204,0.6847457627118644,0.6142372881355932,0.08137295498808651,0.17868033300755715,0.4102515204897608,0.024308331084419862,0.07174397732348224
RepJeffJackson,Jeff Jackson,Q4 (highest),D,32.45,70,0.5386987375361579,0.610699300038473,0.14285714285714285,0.7428571428571429,0.6285714285714286,0.06373068389283222,0.10910246916381372,0.34378021924307434,0.026339999970722155,0.09686339030241854
RepMenendez,Robert Menendez,Q4 (highest),R,13.38,683,0.5518054000455149,0.5938833007883141,0.10834553440702782,0.6969253294289898,0.636896046852123,0.07445236792527803,0.20540927335947862,0.46221439073284637,0.009745106961239574,0.06397914724200508
RepColinAllred,Colin Z. Allred,Q4 (highest),D,44.58,1578,0.5592865491019153,0.5562747274786485,0.0982256020278834,0.7097591888466414,0.6140684410646388,0.056819706851905946,0.17272021229604181,0.39214127100150925,0.019697012790963118,0.06760342452032234
RepUnderwood,Lauren Underwood,Q4 (highest),D,15.78,505,0.5620624183428169,0.5513450780477543,0.09306930693069307,0.7128712871287128,0.6059405940594059,0.06302441993248784,0.1683761931161366,0.3897369999176878,0.015468105763781275,0.04190967912983956
RepGrothman,Glenn Grothman,Q4 (highest),R,14.2,1194,0.6033233632544177,0.6310029688670646,0.13316582914572864,0.7504187604690117,0.7747068676716918,0.067877649087802,0.18304059365183642,0.5982077134281685,0.015393655199893969,0.03175183872526922
RepDavids,Sharice Davids,Q4 (highest),D,16.56,1339,0.6110228479487224,0.489891754227486,0.05153099327856609,0.7259148618371919,0.5997012696041822,0.04194451583516511,0.13730778549866512,0.469562514949398,0.009782686354602827,0.044164327349022675
RepEllzey,Jake Ellzey,Q4 (highest),R,34.91,321,0.6323129579285595,0.5251289154483585,0.07165109034267912,0.7538940809968847,0.6666666666666666,0.03922503142428327,0.06299199291109248,0.5343312227939302,0.020363088214261818,0.04991925136669247
